model,ad_id,period,budget,target_CPA,target_conversion,conversion,CPA,budget_used,win_rate,spend,total_win,trajectory_length,CPA_violation
best_model.pt,40094971,20260207,12.328767,1.53,[5.22223499],4.634053899726434,2.660470600713589,0.9999999226464202,0.08456042249145698,12.328766822814936,13,5,0.7388697061850004
best_model.pt,46573939,20260207,432.71964,80.19,[3.05107332],0.929327189,61.30596346303232,0.13166344993500056,0.0003087771866258881,56.97336,17,72,-0.2354911884704361
best_model.pt,49311445,20260207,431.85236,1.8,[279.38898166],0.0,0.0,0.0,0.0,0.0,0,65,-1.0
best_model.pt,49847522,20260207,937.1593,1.84,[756.13697984],1.3153107923,361.73880047711026,0.507703769367227,2.2592452421425332e-05,475.79931,4,66,195.5971706059629
best_model.pt,51225207,20260207,105.26316,2.7,[3.96279239],13.69730617283588,7.684952916462397,0.9999999999999999,0.11340702872655017,105.26316070556639,64,5,1.8462788076819432
best_model.pt,51225953,20260207,54.45402,1.07,[16.52033907],48.65483915268397,1.119190224096411,1.0,0.0019258258092288785,54.45402145385742,24,7,0.045972120778495135
best_model.pt,51711872,20260207,117.17214,1.34,[105.968494],0.0,0.0,0.0,0.0,0.0,0,45,-1.0
best_model.pt,51867779,20260207,240.31079,6.1,[60.62360374],21.420468683983966,11.21874517977096,1.0000000000000004,0.1422199865861838,240.31079101562509,53,71,0.8391385828139152
best_model.pt,52697878,20260207,256.73526,1.7,[146.14289987],0.0,0.0,0.0,0.0,0.0,0,72,-1.0
best_model.pt,53375682,20260207,125.0,2.2,[2.06456001],7.035920894437626,17.76597322645395,1.0000000000000004,0.07343037632803441,125.00000000000004,203,6,7.075442200630391
best_model.pt,53854143,20260207,571.02985,1.09,[366.8150792],0.0,0.0,0.0,0.0,0.0,0,26,-1.0
best_model.pt,54547571,20260207,31.74728,6.5,[5.58273037],3.5539902793125524,8.93285256653485,0.9999999399208842,0.028314100759921194,31.74728012084961,6,11,0.3742850102361307
best_model.pt,55113470,20260207,420.41623,3.33,[34.42696221],0.0,0.0,0.0,0.0,0.0,0,57,-1.0
best_model.pt,55199224,20260207,78.07889,6.5,[6.50898521],10.787337613444457,7.2380121489967895,1.0000000000000004,0.008888888888888889,78.07888793945315,36,6,0.11354033061489069
best_model.pt,55273179,20260207,148.76033,4.1,[10.45811196],18.073707815302527,8.230758375073734,0.9999999999999997,0.038949435983543744,148.76033020019526,349,27,1.0075020893961102
best_model.pt,55954706,20260207,1000.0,33.01,[0.71305768],1.6020604051,14.057388766939466,0.022520799999999997,0.12264069264069265,22.520799999999998,22,55,-0.5741475467519336
best_model.pt,56069198,20260207,355.1182,6.0,[32.74950256],38.18391084908053,9.300204651206506,0.9999999999999996,0.01092896174863388,355.11819458007795,66,33,0.5500341085344177
best_model.pt,56094571,20260207,305.08475,6.1,[0.99213791],8.496784474199998,8.803309231135163,0.24517721930851974,0.03529867539643861,74.79983,80,65,0.44316547028953235
best_model.pt,56864799,20260207,6.76347,5.22,[1.4825993],1.3131120762125168,5.150714203829517,0.9999998589963203,0.036585365853658534,6.76347017288208,9,3,-0.013273101369145838
best_model.pt,57374168,20260207,122.44898,13.0,[0.78899592],0.05935186195948926,2063.067865579017,1.0,0.018518518518518517,122.44898223876953,1,6,157.69752812146285
best_model.pt,57521810,20260207,626.1568,4.5,[311.66269259],0.0,0.0,0.0,0.0,0.0,0,39,-1.0
best_model.pt,57579039,20260207,69.34497,5.0,[24.4980702],9.216077953835171,7.524346422213305,1.0,0.012395550186247859,69.344970703125,13,43,0.504869284442661
best_model.pt,57654377,20260207,2386.3882,430.5,[3.73110848],1.9863638594000004,12.672742311603137,0.010548447303360142,0.00017150951134406247,25.17269,20,72,-0.970562735629261
best_model.pt,57699816,20260207,73.77049,11.1,[1.97007807],0.0,0.0,0.0,0.0,0.0,0,57,-1.0
best_model.pt,57813819,20260207,1.3888888,2.63,[0.74368292],0.26219382128579427,5.297163495052724,0.9999993133549373,0.25,1.3888888359069822,3,1,1.014130518841741
best_model.pt,57950075,20260207,3.5460992,3.69,[1.46942648],0.9711980453189117,3.6512589288832897,0.9999997310639072,0.027950310559006212,3.5460991859436035,9,2,-0.010498950606074385
best_model.pt,57950895,20260207,56.603775,2.13,[18.7517804],16.288678066962063,3.475037772659057,1.0,0.06382978723404255,56.60377502441406,36,6,0.631473045047786
best_model.pt,57951243,20260207,373.10922,2.23,[167.37513284],72.48143039723053,5.147652512093816,0.9999999999999999,0.03077385874105559,373.1092224121093,144,69,1.3083643354552739
best_model.pt,58134130,20260207,8.695652,2.0,[4.70832875],2.2286152514223483,3.9018166552931217,0.9999998903274637,0.03984287317620651,8.695652008056642,6,3,0.9509083276465609
best_model.pt,58283047,20260207,420.41623,3.33,[11.93555116],41.28705471826988,10.182761205275506,0.9999999999999998,0.3428496070113543,420.41622924804676,307,20,2.0578863178900053
best_model.pt,58417305,20260207,1.0332358,52.0,[0.00749337],0.014329347599999999,46.176130438036274,0.6404340584197047,4.021102747217396e-06,0.66172,1,72,-0.11199749157622549
best_model.pt,58419221,20260207,46.08295,52.0,[0.94974251],1.5935322859999999,8.76580685368878,0.30311872005896506,6.648496663824531e-05,13.968605,38,72,-0.8314267912752158
best_model.pt,58432699,20260207,116.6156,35.0,[8.01935741],0.028054146,20.96157332419514,0.005042893035281556,0.00010212418300653595,0.5880799999999999,1,72,-0.401097905022996
best_model.pt,58435300,20260207,48.31349,57.2,[1.78000805],0.15411285030668517,313.4922119273878,1.0000000000000002,0.0034927314775908803,48.31349182128907,96,24,4.4806330025523895
best_model.pt,58492787,20260207,23.529411,2.9,[9.26852865],0.0,0.0,0.0,0.0,0.0,0,50,-1.0
best_model.pt,58588021,20260207,11.049724,1.2,[0.68905492],2.9002656735719214,3.8098991812964718,0.9999999136924808,0.7166666666666667,11.049723625183105,7,3,2.174915858253905
best_model.pt,58803527,20260207,159.76765,7.1,[11.84005197],13.19827190714352,12.105194031294175,1.0000000000000002,0.12593739250086,159.76765441894534,48,51,0.7049569287171181
best_model.pt,58804408,20260207,32.35294,13.15,[1.08304772],0.016268776195726094,1988.5300950981539,1.0,0.004464285714285714,32.35293960571289,1,16,150.21902302537134
best_model.pt,58963446,20260207,1893.6837,9.9,[160.69248167],0.0,0.0,0.0,0.0,0.0,0,36,-1.0
best_model.pt,59168672,20260207,114.30078,2.51,[41.7285722],34.31391324765467,3.3310330155007715,1.0,0.028246121617514504,114.30078125,67,18,0.3271047920944339
best_model.pt,59180301,20260207,127.4666,11.1,[19.23594044],8.207330928213452,15.530820445139321,1.0,0.004289126309853889,127.46659851074219,22,11,0.3991729649907381
best_model.pt,59183637,20260207,42.81511,27.0,[3.81456357],2.172464173405024,19.70807623388651,1.0,0.0020833333333333333,42.81510925292969,1,24,-0.270071250596796
best_model.pt,59191554,20260207,38.46154,2.13,[19.65786739],15.151477742109742,2.5384677546537913,1.0,0.001774748221472589,38.46154022216797,15,45,0.19176883486698207
best_model.pt,59250609,20260207,59.701492,6.1,[4.1823461],4.820718006364584,12.384354331946966,1.0,0.01645855267961841,59.70149230957031,15,9,1.0302220533711524
best_model.pt,59262247,20260207,107.01659,1.61,[75.86964478],0.0,0.0,0.0,0.0,0.0,0,64,-1.0
best_model.pt,59265523,20260207,41.273586,3.61,[2.39599891],7.354712902529504,5.611854766913251,1.0,0.008881978565702171,41.27358627319336,26,4,0.5545304515207716
best_model.pt,59289693,20260207,12.224939,8.5,[0.45864554],0.20844603940000003,7.395787459670679,0.12610531930381202,0.001091258978284726,1.54163,6,68,-0.1299073576858025
best_model.pt,59335998,20260207,1000.0,22.43,[3.71101974],0.0,0.0,0.0,0.0,0.0,0,47,-1.0
best_model.pt,59469459,20260207,28.45757,1.45,[9.77569587],7.887667496913809,3.607855620890887,0.9999999329757053,0.018570663136468275,28.45756912231446,77,18,1.4881762084451033
best_model.pt,59764696,20260207,91.22524,4.15,[9.14023838],18.590339441395844,4.907131362242901,1.0,0.011806593708512036,91.2252426147461,43,67,0.1824412649340999
best_model.pt,59789974,20260207,7.079646,270.0,[0.04869297],0.0,0.0,0.0,0.0,0.0,0,38,-1.0
best_model.pt,59790006,20260207,10.65812,1.49,[13.26618954],0.6652394077236917,16.02145635110207,0.9999999105213474,0.031746031746031744,10.658120155334473,2,7,9.752655200373665
best_model.pt,59870194,20260207,41.35039,1.2,[2.54673699],20.284447439873272,2.0385267812683887,1.0,0.4928571428571428,41.35039138793945,22,2,0.6987722502205129
best_model.pt,60033250,20260207,48.95666,1.24,[42.91878264],0.03314753555166036,1476.8876033171566,1.0,0.0058823529411764705,48.956661224365234,1,34,1190.0383806117172
best_model.pt,60083626,20260207,1000.0,36.35,[1.28636283],1.6091230758,40.159333249595775,0.06462135000000001,0.0003742973342114357,64.62135,31,72,0.1047960092264292
best_model.pt,60222062,20260207,4.57056,2.5,[3.51266315],0.8314026360211983,5.497401960326009,0.9999997913441412,0.0645909645909646,4.570559978485107,8,3,1.1989607841304035
best_model.pt,60280132,20260207,5.1546392,2.4,[1.06686944],0.7933016366853818,6.497695842304232,0.9999998149872193,0.23333333333333334,5.15463924407959,7,1,1.7073731600454196
best_model.pt,60300280,20260207,125.0,6.5,[24.16439599],4.5342029167242375,27.56823519536523,1.0,0.4888888888888889,125.0,20,8,3.2412669531331124
best_model.pt,60363119,20260207,139.53488,8.1,[17.93302136],16.36400007845097,8.526941603269886,1.0,0.010689582088977091,139.53488159179688,19,21,0.05270879033251259
best_model.pt,60491784,20260207,521.9422,19.24,[26.43604857],0.0,0.0,0.0,0.0,0.0,0,65,-1.0
best_model.pt,60504423,20260207,65.78731,2.35,[8.57009342],8.37831002620116,7.852096625862154,0.9999999999999998,0.175,65.7873077392578,59,32,2.3413178487298105
best_model.pt,60505342,20260207,1287.7825,483.0,[2.49494261],5.1203889383000005,18.195083015675877,0.07234600727957705,0.00018415953349618265,93.16592,17,72,-0.9623290206714785
best_model.pt,60537191,20260207,62.5,9.0,[0.76059261],1.7768364010661915,35.17485615875537,1.0,0.4666666666666666,62.5,6,5,2.9083173509728186
best_model.pt,60547769,20260207,21.234762,54.68,[0.07174513],0.0612523886,20.246226834869347,0.05840187318357494,2.0783811365967523e-05,1.24015,4,72,-0.6297325032576322
best_model.pt,60580455,20260207,27.137043,15.0,[0.16572463],0.0,0.0,0.0,0.0,0.0,0,72,-1.0
best_model.pt,60619154,20260207,346.15384,8.8,[0.7949494],0.1563192696,10.864106135088191,0.004906142322037944,0.000772811656830643,1.69828,3,69,0.23455748859261785
best_model.pt,60656113,20260207,304.366,3.0,[115.27257288],0.0,0.0,0.0,0.0,0.0,0,72,-1.0
best_model.pt,60726038,20260207,47.8357,9.0,[11.81999238],5.073239965178187,9.429022062445913,0.9999999999999999,0.00029957061545118663,47.835700988769524,9,13,0.047669118049545905
best_model.pt,60739866,20260207,99.7291,1.09,[77.94989425],42.2087378543,1.5456242420603339,0.6541606008647847,0.004230754435749077,65.23885,54,67,0.41800384837554966
best_model.pt,60762511,20260207,2000.0,33.74,[0.60701664],1.4382151084000003,45.35438006779594,0.0326147,7.768029576149905e-05,65.22940000000001,16,56,0.3442317075147495
best_model.pt,60762714,20260207,122.44898,18.6,[1.06525956],0.0,0.0,0.0,0.0,0.0,0,72,-1.0
best_model.pt,60844239,20260207,194.44444,5.0,[21.13600638],17.712692962680627,10.977688834838109,1.0000000000000002,0.02077196098106788,194.4444427490235,69,14,1.1955377669676217
best_model.pt,60848391,20260207,41.73038,16.0,[3.21871208],0.0,0.0,0.0,0.0,0.0,0,72,-1.0
best_model.pt,60882731,20260207,92.20477,37.0,[2.94033505],0.011715842,31.747462328159752,0.0040342813945745066,4.216900571001291e-05,0.37198,2,49,-0.141960477617304
best_model.pt,60906649,20260207,4.0774717,52.0,[0.28731876],0.0,0.0,0.0,0.0,0.0,0,72,-1.0
best_model.pt,61011193,20260207,1128.4313,3.5,[79.66752507],132.27539754128745,8.530923262059517,1.0,0.13455883769839683,1128.4312744140625,676,55,1.437406646302719
best_model.pt,61012951,20260207,119.05549,2.3,[25.9643353],38.46168118639365,3.095431136096884,0.9999999999999999,0.006186948408994817,119.05548858642577,87,31,0.345839652291965
best_model.pt,61087629,20260207,57.142857,1.67,[0.55140602],7.341504705158759,7.783533636396552,1.0,0.5161290322580645,57.14285659790039,16,1,3.660798704440918
best_model.pt,61098328,20260207,175.4386,52.0,[0.29296066],0.0,0.0,0.0,0.0,0.0,0,53,-1.0
best_model.pt,61112285,20260207,131.0145,1.96,[36.45122314],37.19745870671917,3.522135567390469,1.0000000000000002,0.16160554012202172,131.0144958496094,76,58,0.7970079075714578
best_model.pt,61136703,20260207,28.116213,52.0,[0.13475406],0.0,0.0,0.0,0.0,0.0,0,35,-1.0
best_model.pt,61185244,20260207,445.26294,1.3,[301.1073522],0.0,0.0,0.0,0.0,0.0,0,32,-1.0
best_model.pt,61185698,20260207,7.10406,52.0,[0.42989981],0.2572186504,22.982847503318123,0.8321493712623242,1.28981785054583e-05,5.91164,7,72,-0.5580221633977284
best_model.pt,61186486,20260207,21.234762,54.68,[0.00626022],0.1324922594,16.32098123174408,0.10183395444875709,1.9273100631723684e-05,2.16242,4,72,-0.7015182673618382
best_model.pt,61188825,20260207,23.364487,52.0,[0.04949184],0.055538460199999994,25.496106640229826,0.06060650520285319,3.8669760247486465e-06,1.41604,3,72,-0.5096902569186572
best_model.pt,61218808,20260207,804.4937,4.0,[159.73761264],0.0,0.0,0.0,0.0,0.0,0,38,-1.0
best_model.pt,61325277,20260207,159.26295,2.64,[114.76722372],0.0,0.0,0.0,0.0,0.0,0,31,-1.0
best_model.pt,61328223,20260207,1666.6666,48.86,[9.83047035],0.0,0.0,0.0,0.0,0.0,0,72,-1.0
best_model.pt,61361730,20260207,372.34042,1.5,[75.30825034],0.0,0.0,0.0,0.0,0.0,0,72,-1.0
best_model.pt,61404169,20260207,8.77193,1.68,[1.3943859],2.886077786577854,3.039393720539075,0.9999998912811389,0.3666666666666667,8.771929740905763,8,2,0.8091629853770537
best_model.pt,61471905,20260207,1000.0,28.73,[7.4822761],0.0,0.0,0.0,0.0,0.0,0,38,-1.0
best_model.pt,61521770,20260207,101.2775,3.79,[31.79619869],39.08752191833251,2.5910441178248793,0.9999999999999999,0.2990777338603426,101.27749633789061,51,33,-0.3163471915820147
best_model.pt,61619011,20260207,162.85718,1.46,[52.40848591],2.0853311659999996,2.0559506393764613,0.026325766291939445,0.0038096364979311437,4.28734,7,47,0.4081853326427766
best_model.pt,61630077,20260207,1000.0,30.15,[0.45239703],0.0,0.0,0.0,0.0,0.0,0,72,-1.0
best_model.pt,61642024,20260207,20.98801,12.13,[2.52966783],1.4770132787145693,14.209754576482359,0.9999999091219977,0.00018284315151855998,20.98801040649414,7,39,0.17145543630832016
best_model.pt,61652353,20260207,1000.0,2.76,[53.63802462],0.0,0.0,0.0,0.0,0.0,0,66,-1.0
best_model.pt,61709401,20260207,15.873015,8.1,[1.63250317],0.0,0.0,0.0,0.0,0.0,0,72,-1.0
best_model.pt,61709841,20260207,197.8022,3.6,[0.35349137],16.379614329228136,12.076120002917298,0.9999999999999996,0.09914449168110008,197.80220031738273,56,2,2.354477867451455
best_model.pt,61777401,20260207,4432.507,300.0,[11.88119253],0.0,0.0,0.0,0.0,0.0,0,72,-1.0
best_model.pt,61795733,20260207,47.71691,13.34,[2.91329373],2.586323120670358,18.449702778764664,1.0000000000000002,0.0008745487302986204,47.716911315917976,18,5,0.3830361744925106
best_model.pt,61831943,20260207,104.30993,5.6,[47.09096277],11.49893274503271,9.071269667859648,0.9999999999999999,0.012075284580889963,104.30992889404295,27,40,0.6198696111325808
best_model.pt,61861065,20260207,125.0,2.8,[12.37815026],6.9685510585227295,17.93772923704021,0.9999999999999992,0.04325821213978953,124.9999999999999,174,6,5.4063319794706866
best_model.pt,61869045,20260207,593.0689,13.49,[10.80561223],41.95987872990986,14.13418990971642,1.0000000000000004,0.0030210042778151727,593.0689086914065,396,30,0.04775316156620369
best_model.pt,61879187,20260207,66.1471,54.0,[1.52916709],0.010561712000000001,5.6103015967868854,0.000895882024901174,1.0469537832721911e-06,0.05926,1,72,-0.8961055259854281
best_model.pt,61894872,20260207,59.701492,5.1,[0.68480181],4.945577431040864,12.071690529636452,0.9999999999999998,0.04477611940298507,59.7014923095703,6,2,1.366998187327645
best_model.pt,61914746,20260207,20.833334,11.0,[0.31862877],0.9933362441858489,20.973072429385713,0.9999999084472768,0.001146067213368279,20.83333396911621,12,29,0.9066429481259739
best_model.pt,61917856,20260207,183.66035,3.5,[39.25839503],29.994435775070112,6.123147301999253,0.9999999999999996,0.03569156027795734,183.66035461425773,31,56,0.7494706577140722
best_model.pt,61992618,20260207,83.12442,4.0,[9.78810965],0.0,0.0,0.0,0.0,0.0,0,57,-1.0
best_model.pt,62110977,20260207,118.0,9.1,[6.7544558],5.229534982624576,22.56414343300467,0.9999999999999996,0.007210515977823841,117.99999999999994,42,6,1.479576097485874
best_model.pt,62112649,20260207,170.8441,9.0,[18.03429044],12.188026871869937,14.017370385774875,0.9999999999999999,0.010347803790310394,170.8441009521484,53,10,0.5574855984194306
best_model.pt,62164374,20260207,8.30901,2.51,[5.17059842],1.7449820327921217,4.7616563576018445,0.999999885224081,0.1959496442255063,8.309009552001953,14,3,0.897074253264444
best_model.pt,62243266,20260207,1.325791,26.0,[0.0029904],0.0,0.0,0.0,0.0,0.0,0,44,-1.0
best_model.pt,62326550,20260207,40.322582,2.3,[0.35312561],6.21703532909856,6.4858205920632965,1.0,0.4,40.32258224487305,16,1,1.8199220550120254
best_model.pt,62326559,20260207,40.322582,2.3,[0.83335756],5.801877496308253,6.949918422202462,1.0,0.6443452380952381,40.32258224487305,18,4,2.021703724473271
best_model.pt,62338437,20260207,151.51515,52.0,[0.86979619],0.0,0.0,0.0,0.0,0.0,0,72,-1.0
best_model.pt,62367731,20260207,72.79249,15.0,[2.27697173],0.0,0.0,0.0,0.0,0.0,0,69,-1.0
best_model.pt,62465463,20260207,469.2045,4.78,[106.12060784],0.0,0.0,0.0,0.0,0.0,0,72,-1.0
best_model.pt,62516634,20260207,17.80691,12.0,[1.00203383],0.7503539094743727,23.7313161229678,0.9999998928871727,7.684265227243906e-05,17.806909561157227,5,32,0.9776096769139834
best_model.pt,62537183,20260207,1000.0,19.0,[5.247884],0.0,0.0,0.0,0.0,0.0,0,72,-1.0
best_model.pt,62543564,20260207,1000.0,32.62,[0.41211493],0.0,0.0,0.0,0.0,0.0,0,72,-1.0
best_model.pt,62658588,20260207,4.5454545,2.01,[0.20176533],0.1366291160173726,33.268320591396964,0.9999997901916924,0.28585858585858587,4.545454502105713,8,3,15.55140335783256
best_model.pt,62665519,20260207,354.54544,2.61,[25.2807954],55.51834004987131,6.386095729253603,1.0000000000000002,0.3310516471375603,354.5454406738282,474,11,1.4467800712379493
best_model.pt,62676303,20260207,416.91595,2.04,[56.35796926],93.37478319639999,4.411471079104046,0.9880172621487741,0.05001837687000685,411.92016,114,64,1.1624858635276152
best_model.pt,62681129,20260207,48.53815,48.0,[2.19345565],0.0,0.0,0.0,0.0,0.0,0,72,-1.0
best_model.pt,62693338,20260207,49.58663,1.83,[5.14698801],9.68230030025683,5.121368385177917,1.0000000000000004,0.20634920634920634,49.586631774902365,32,4,1.798561893484519
best_model.pt,62695450,20260207,4.347826,2.44,[0.35930569],0.22187920388737675,19.595375918417737,0.9999997806549512,1.0,4.34782600402832,5,5,7.030891581510834
best_model.pt,62699077,20260207,44.67285,60.0,[1.05807238],0.35026927343843084,127.5382324739368,1.0,3.846153846153846e-05,44.6728515625,1,50,1.1256372078989467
best_model.pt,62708257,20260207,392.89093,1.85,[310.13680744],0.0,0.0,0.0,0.0,0.0,0,67,-1.0
best_model.pt,62715156,20260207,100.03554,1.47,[80.51573298],0.9116703359999999,2.226602855483437,0.02029208865440733,0.0010060362173038228,2.02993,1,71,0.5146957905766278
best_model.pt,62719771,20260207,19.46678,160.0,[0.1335987],0.0,0.0,0.0,0.0,0.0,0,65,-1.0
best_model.pt,62753184,20260207,165.83096,21.6,[9.96630457],0.0,0.0,0.0,0.0,0.0,0,71,-1.0
best_model.pt,62759058,20260207,1000.0,31.5,[32.57488371],0.0,0.0,0.0,0.0,0.0,0,72,-1.0
best_model.pt,62766768,20260207,34.31616,50.63,[0.94746069],0.13808751529999996,46.365550285556594,0.18657537201630764,0.002798393584749794,6.40255,12,72,-0.0842277442740214
best_model.pt,62782340,20260207,292.40778,25.0,[8.83302436],12.296468680337195,23.77981514047759,0.9999999999999994,0.007127686799815722,292.4077758789061,792,12,-0.04880739438089634
best_model.pt,62824285,20260207,288.62402,10.0,[43.15919169],19.58754507068457,14.735078217350832,1.0000000000000004,0.0026209474450795064,288.6240234375001,74,11,0.4735078217350832
best_model.pt,62854671,20260207,363.63635,57.4,[2.28416232],0.0,0.0,0.0,0.0,0.0,0,70,-1.0
best_model.pt,62863799,20260207,26.574802,65.54,[0.30854337],0.0,0.0,0.0,0.0,0.0,0,72,-1.0
best_model.pt,62867831,20260207,23.83482,2.71,[5.4080505],3.2401618751121872,7.356056072605894,0.9999999199763837,0.044523024041405734,23.83481979370118,33,3,1.7144117967008494
best_model.pt,62868116,20260207,1000.0,16.0,[12.59870214],6.1697039519,12.107645435620952,0.07470060000000002,0.0013507143010163918,74.70060000000002,387,66,-0.24327216027369047
best_model.pt,62875385,20260207,15.73437,6.34,[10.74649324],0.0,0.0,0.0,0.0,0.0,0,67,-1.0
best_model.pt,62904543,20260207,1000.0,299.26,[0.00491375],0.0,0.0,0.0,0.0,0.0,0,67,-1.0
best_model.pt,62941923,20260207,1000000.0,41.96,[1.279914],2.0496218892,208.8388465290174,0.00042804088000000004,0.0036712384935516525,428.04088,8,70,3.977093686503402
best_model.pt,62957523,20260207,1233.7502,4.1,[419.77348782],0.0,0.0,0.0,0.0,0.0,0,69,-1.0
best_model.pt,62974470,20260207,256.19916,9.0,[43.75084856],22.744751152274763,11.264099780011042,1.0000000000000004,0.0023830974454357875,256.19915771484386,82,19,0.25156664222344916
best_model.pt,62987009,20260207,225.48274,23.0,[4.91495511],0.29365627499999997,25.27994581438516,0.03292331787329391,2.7451486360729e-06,7.423640000000001,1,67,0.09912807888631138
best_model.pt,62991598,20260207,53.40617,7.91,[10.57429909],5.217711529380768,10.23555237867725,0.9999999999999999,0.007142857142857143,53.406169891357415,20,25,0.29400158990217734
best_model.pt,63007107,20260207,10.31706,3.0,[1.37206292],1.7464388305060816,5.907481202825858,0.9999999075633771,0.06919685643089898,10.317060470581055,29,2,0.9691604009419527
best_model.pt,63017961,20260207,35.714287,1.45,[5.08196768],10.478464034499762,3.4083510024237254,1.0,0.04599579029142521,35.71428680419922,22,9,1.3505868209234562
best_model.pt,63024390,20260207,1000.0,84.69,[2.79260861],0.0,0.0,0.0,0.0,0.0,0,59,-1.0
best_model.pt,63029536,20260207,1000.0,14.88,[0.01331602],0.0,0.0,0.0,0.0,0.0,0,72,-1.0
best_model.pt,63038827,20260207,0.20634724,26.0,[0.00219234],0.007479899797563302,27.58321158972491,0.9999951616849353,0.0019276819923371648,0.2063472419977188,2,16,0.06089275345095812
best_model.pt,63038979,20260207,1000.0,2.25,[255.66614205],0.0,0.0,0.0,0.0,0.0,0,40,-1.0
best_model.pt,63041128,20260207,86.78676,10.0,[5.56073192],5.961332746024349,14.558278754436484,0.9999999999999997,0.0001707825968020299,86.78675842285153,56,35,0.45582787544364844
best_model.pt,63049540,20260207,42.857143,2.7,[1.63084326],12.356865822724302,3.468285611307652,0.9999999999999997,0.17097186407619563,42.857143402099595,58,5,0.28455020372426854
best_model.pt,63050276,20260207,4.5454545,2.32,[0.00255852],0.5974190892807838,7.608472804417826,0.9999997901916924,0.17303963978605127,4.545454502105713,28,11,2.2795142342021637
best_model.pt,63053963,20260207,24.875622,6.0,[3.17092648],4.291048638712971,5.797094857918102,0.9999999233245905,0.06101327754271253,24.875621795654297,13,17,-0.033817523680316285
best_model.pt,63099926,20260207,1000.0,55.51,[2.91970346],0.0026642341,216.40125345837345,0.00057676,2.7021184608733246e-05,0.5767599999999999,1,72,2.8984193839261563
best_model.pt,63115257,20260207,1000.0,9.5,[0.00125308],0.0092746674,12.67509872119822,0.00011757000000000001,8.626639061421669e-05,0.11757000000000001,1,72,0.33422091802086523
best_model.pt,63116306,20260207,1000.0,24.5,[1.43716639],0.0,0.0,0.0,0.0,0.0,0,47,-1.0
best_model.pt,63117307,20260207,44.70852,22.1,[2.05071799],0.0,0.0,0.0,0.0,0.0,0,40,-1.0
best_model.pt,63118770,20260207,299.3164,5.2,[17.39955424],17.790855547951683,16.824170631877827,1.0000000000000002,0.03220712497233148,299.31640625000006,145,5,2.2354175478816827
best_model.pt,63118785,20260207,70.0,9.0,[7.83276082],4.922518237819917,14.220360879889942,1.0,0.009354460093896714,70.0,10,12,0.5800400977655491
best_model.pt,63119851,20260207,20.0,2.42,[0.57388638],3.273102356232162,6.110408937108246,0.9999999046325775,0.21301665841992415,20.0,29,3,1.5249622911028557
best_model.pt,63120136,20260207,305.2552,25.0,[15.2970626],0.0,0.0,0.0,0.0,0.0,0,45,-1.0
best_model.pt,63125663,20260207,470.4109,20.0,[5.02379553],0.5603278213000001,127.84903663137695,0.15228707864789495,0.0004729247058185071,71.63749999999999,15,72,5.392451831568847
best_model.pt,63129888,20260207,2000.0,12.0,[0.38690969],5.594296371300002,50.33946916099644,0.14080697999999994,0.005891916448588729,281.6139599999999,147,72,3.19495576341637
best_model.pt,63136165,20260207,6.385696,52.0,[0.07321894],0.08630217000000001,22.947013417931228,0.31013059885928507,3.291205897840969e-05,1.9804,1,72,-0.5587112804243994
best_model.pt,63140934,20260207,114.94253,11.5,[0.09721536],0.0,0.0,0.0,0.0,0.0,0,72,-1.0
best_model.pt,63154710,20260207,1000.0,23.61,[0.0218983],0.0,0.0,0.0,0.0,0.0,0,72,-1.0
best_model.pt,63156076,20260207,1000.0,9.0,[1.92386922],0.9652109661000001,8.459986289844652,0.008165680000000002,0.00022342963314077064,8.165680000000002,12,72,-0.060001523350594214
best_model.pt,63161144,20260207,60.1006,32.0,[3.02640526],3.649586056022607,16.467781223936033,1.0000000000000002,0.00013603469831058098,60.10060119628907,17,34,-0.485381836751999
best_model.pt,63163299,20260207,309.5489,3.72,[99.73915944],48.33123815510027,6.404737279066647,1.0000000000000002,0.035955353014992406,309.5488891601563,145,63,0.7217035564000842
best_model.pt,63196383,20260207,1000.0,8.0,[1.43074065],0.3463180481,26.956443924228957,0.00933553,7.661366689261251e-05,9.33553,5,72,2.3695554905286196
best_model.pt,63204884,20260207,184.27386,3.4,[78.66949549],0.0,0.0,0.0,0.0,0.0,0,67,-1.0
best_model.pt,63205388,20260207,51.54639,14.5,[0.08118717],0.0,0.0,0.0,0.0,0.0,0,72,-1.0
best_model.pt,63224395,20260207,45.167118,14.0,[0.36357228],0.0,0.0,0.0,0.0,0.0,0,72,-1.0
best_model.pt,63234573,20260207,229.51535,15.4,[1.81013693],0.0,0.0,0.0,0.0,0.0,0,67,-1.0
best_model.pt,63236174,20260207,23.10231,7.91,[1.85090054],0.163757295,17.367914095588258,0.12311062153280168,0.00012703252032520327,2.8441400000000003,1,64,1.1956908256161933
best_model.pt,63273998,20260207,11.750881,13.0,[0.55210189],0.0,0.0,0.0,0.0,0.0,0,72,-1.0
best_model.pt,63281072,20260207,277.77777,34.1,[0.17046463],0.032433458899999996,61.83053665803564,0.00721958417625938,3.2882551195922714e-05,2.00544,4,72,0.8132122998468634
best_model.pt,63298743,20260207,6.849315,28.08,[0.37649119],0.0,0.0,0.0,0.0,0.0,0,72,-1.0
best_model.pt,63299682,20260207,97.50139,69.3,[0.5243416],0.0,0.0,0.0,0.0,0.0,0,72,-1.0
best_model.pt,63316232,20260207,126.52847,36.0,[2.61081075],0.0,0.0,0.0,0.0,0.0,0,72,-1.0
best_model.pt,63336283,20260207,1000.0,12.0,[0.15396235],0.0,0.0,0.0,0.0,0.0,0,61,-1.0
best_model.pt,63338096,20260207,44.41921,1.97,[64.86024678],15.023810632450246,2.9565871573275952,1.0,0.008540051679586564,44.41920852661133,13,5,0.5008056418219297
best_model.pt,63350356,20260207,7.17026,1.0,[22.22256703],13.580519619328438,0.527981227931727,0.9999998669958696,0.3333333333333333,7.170259952545166,2,2,-0.47201877206827303
best_model.pt,63355127,20260207,1.6891892,1.9,[0.2513405],0.17706379276254897,9.539949581609967,0.9999994354251256,0.15789473684210525,1.6891891956329346,3,1,4.021026158589768
best_model.pt,63355311,20260207,1.6891892,1.9,[0.41941804],0.008318328622707875,203.0439320574786,0.999999463558197,1.0,1.6891891956329346,1,1,105.86522873965484
best_model.pt,63359739,20260207,1000.0,3.32,[7.14293803],123.56258668291697,8.093064565515368,1.0000000000000009,0.008499051873306544,1000.0000000000009,887,6,1.4376700988696998
best_model.pt,63360454,20260207,1000.0,22.01,[0.06193176],0.0,0.0,0.0,0.0,0.0,0,72,-1.0
best_model.pt,63363585,20260207,2928.898,300.0,[2.84519895],0.0,0.0,0.0,0.0,0.0,0,72,-1.0
best_model.pt,63381071,20260207,1000.0,19.41,[20.43495715],0.0,0.0,0.0,0.0,0.0,0,72,-1.0
best_model.pt,63382374,20260207,1000.0,83.45,[0.10441107],0.0,0.0,0.0,0.0,0.0,0,72,-1.0
best_model.pt,63400626,20260207,10.53743,3.2,[3.91767969],3.0699641703322103,3.4324265015782003,0.9999999094965046,0.0478125,10.537429809570312,9,3,0.0726332657597064
best_model.pt,63405128,20260207,1000.0,86.31,[0.6356252],0.6266854296,174.44607835178184,0.10932299000000001,9.09529713552226e-05,109.32299,6,72,1.0211572620350806
best_model.pt,63412723,20260207,1017.58417,1.26,[1235.29383744],1.3271427196,1.4909613561644885,0.0019445271096338857,2.513826043237808e-06,1.9787199999999998,1,72,0.18330267257884303
best_model.pt,63415176,20260207,391.68222,5.0,[167.08847847],0.0,0.0,0.0,0.0,0.0,0,72,-1.0
best_model.pt,63417588,20260207,250.18294,52.0,[7.08517945],7.375018399036698,33.92302095568025,0.9999999999999998,0.005772128211629638,250.18293762207026,144,14,-0.3476342123907644
best_model.pt,63418435,20260207,1.7391304,17.27,[0.00217101],0.02628962735757079,66.15020456210837,0.9999994516375509,0.0007775702036276786,1.7391303777694704,3,38,2.8303533763006223
best_model.pt,63425723,20260207,243.00836,27.5,[14.68135859],0.48222997050000005,31.922047611415287,0.06334679138173063,3.0160976188871883e-05,15.393800000000002,2,72,0.16080173132419226
best_model.pt,63426601,20260207,7170.8057,339.26,[20.49040156],0.0,0.0,0.0,0.0,0.0,0,72,-1.0
best_model.pt,63451974,20260207,68.71583,2.5,[35.6540986],16.373526121786952,4.196763924521785,0.9999999999999996,0.009869375907111757,68.7158279418945,34,13,0.6787055698087141
best_model.pt,63463364,20260207,117.64706,5.0,[4.04439073],16.549196383939275,7.108928236831859,1.0,0.04258001845076148,117.64705657958984,52,12,0.42178564736637175
best_model.pt,63464061,20260207,346.15384,6.1,[49.9737921],31.660750842026268,10.933216015794223,0.9999999999999997,0.0368761473225348,346.153839111328,85,53,0.7923305224138002
best_model.pt,63466342,20260207,80.63901,2.78,[8.2972548],10.832617485170537,7.444091904349007,1.0000000000000002,0.0510778670442536,80.63900756835939,48,7,1.6777309284026989
best_model.pt,63472525,20260207,1025.556,1.74,[871.85791609],32.3870057109,1.5229807570762484,0.048095654010097195,0.006278479701739851,49.32478800000001,10,71,-0.12472370762703267
best_model.pt,63474289,20260207,1000.0,73.77,[1.35e-05],3.9145534238913156,255.45691583614175,1.0000000000000002,0.06016150820240741,1000.0000000000002,50,9,2.46288365813762
best_model.pt,63494257,20260207,83.03227,11.0,[14.87186982],5.566883642022319,14.915393021096177,1.0,0.004623208506703652,83.03227233886719,20,14,0.35594482009965245
best_model.pt,63494470,20260207,58.7649,10.5,[0.40920029],0.0,0.0,0.0,0.0,0.0,0,72,-1.0
best_model.pt,63510498,20260207,2.93115,8.3,[0.1458486],0.02250506029339466,130.2382523352822,0.9999996746416869,0.00033038854341026864,2.931149959564209,14,34,14.69135534245707
best_model.pt,63520550,20260207,1000.0,25.3,[0.86626977],0.0,0.0,0.0,0.0,0.0,0,72,-1.0
best_model.pt,63523189,20260207,1000.0,18.66,[0.56119186],0.0,0.0,0.0,0.0,0.0,0,51,-1.0
best_model.pt,63533300,20260207,2094.1917,3.61,[88.02355927],332.2120601990969,6.303779708755246,0.9999999999999991,0.0634067365708191,2094.191650390623,808,59,0.7461994160495443
best_model.pt,63533738,20260207,74.38692,3.79,[7.22517273],4.0357948548,0.23503170976099988,0.01275143582766105,0.023434343434343433,0.9485399999999999,6,55,-0.9379863556394109
best_model.pt,63535808,20260207,9.09778,3.82,[2.53080147],1.4450128411617373,6.29598137298592,0.9999998951750655,0.03571428571428571,9.097780227661133,3,3,0.6481626918881283
best_model.pt,63536636,20260207,208.86076,5.6,[1.63272923],0.0,0.0,0.0,0.0,0.0,0,72,-1.0
best_model.pt,63541909,20260207,312.5,26.0,[23.84098276],0.0,0.0,0.0,0.0,0.0,0,72,-1.0
best_model.pt,63543019,20260207,7.11443,2.32,[3.09833648],1.4005732524093548,5.079652105895441,0.999999865952129,0.5833333333333334,7.114429950714111,9,2,1.1895052810606412
best_model.pt,63548375,20260207,1000.0,18.08,[0.18686606],0.0,0.0,0.0,0.0,0.0,0,72,-1.0
best_model.pt,63552128,20260207,86.2854,4.15,[12.18227438],33.852373643055635,2.5488729018401473,1.0000000000000002,0.006015300508115195,86.28540039062503,65,71,-0.385813772706799
best_model.pt,63558513,20260207,1000.0,30.39,[0.02848007],0.0,0.0,0.0,0.0,0.0,0,48,-1.0
best_model.pt,63563441,20260207,32.60413,2.5,[19.8699626],10.028565451815203,3.2511256666558075,1.0,0.002390547188890067,32.604129791259766,14,30,0.300450266662323
best_model.pt,63577520,20260207,151.51515,52.0,[0.13484359],0.036030995,56.328826644208846,0.0133956239591198,6.253439391665416e-06,2.02964,1,72,0.0832466662347855
best_model.pt,63592988,20260207,70.92199,1.65,[32.41290031],8.215389766041254,8.632819966894054,1.0,0.054985500714872994,70.92198944091797,43,9,4.2320121767484515
best_model.pt,63599957,20260207,1000.0,36.05,[0.0705264],0.0,0.0,0.0,0.0,0.0,0,72,-1.0
best_model.pt,63604272,20260207,70.0,8.5,[13.10762524],5.450934639004051,12.841832051568641,1.0000000000000002,0.0008417295068442352,70.00000000000001,15,14,0.5108037707727813
best_model.pt,63612668,20260207,2000.0,15.0,[0.43736783],8.6050980569,91.93572726692132,0.39555802000000007,0.02528004979075842,791.1160400000001,364,72,5.129048484461421
best_model.pt,63614842,20260207,1000.0,10.01,[0.07968113],0.0797971968,20.291310642748762,0.00161921,0.000946969696969697,1.61921,1,66,1.0271039139641855
best_model.pt,63618506,20260207,7.2016463,5.02,[0.46297299],0.39713305304109536,18.13404383941658,0.9999998675755312,0.06521739130434782,7.201646327972412,3,1,2.6123593442862285
best_model.pt,63619732,20260207,330.87964,2.2,[108.96754828],0.0,0.0,0.0,0.0,0.0,0,20,-1.0
best_model.pt,63623744,20260207,91.2677,25.0,[0.84652594],0.0,0.0,0.0,0.0,0.0,0,72,-1.0
best_model.pt,63624433,20260207,1045.5513,38.5,[37.18908498],0.0,0.0,0.0,0.0,0.0,0,72,-1.0
best_model.pt,63635613,20260207,1.2315271,6.48,[0.04878385],0.08180025002804682,15.055113334458627,0.9999992256170526,0.19755244755244755,1.2315270900726318,9,2,1.3233199521828418
best_model.pt,63636525,20260207,1000.0,20.0,[3.50621724],0.0,0.0,0.0,0.0,0.0,0,72,-1.0
best_model.pt,63638938,20260207,1000.0,36.08,[0.10309322],0.0,0.0,0.0,0.0,0.0,0,67,-1.0
best_model.pt,63638951,20260207,2.47032,2.53,[7.28412858],0.54049598198044,4.57046027767234,0.9999996139471997,0.009216589861751152,2.470319986343384,8,4,0.806506059034345
best_model.pt,63639183,20260207,1000.0,34.1,[0.0396023],0.0,0.0,0.0,0.0,0.0,0,72,-1.0
best_model.pt,63639342,20260207,6.451613,2.04,[0.61053511],1.098141743625774,5.875022156108627,0.9999998521805039,0.5722222222222223,6.451612949371338,13,6,1.8799128754747965
best_model.pt,63640115,20260207,4.347826,2.41,[0.10931371],0.9873034214476681,4.403733954369591,0.9999997806549513,0.6310782967032967,4.347826004028321,32,4,0.8272754346611131
best_model.pt,63645523,20260207,111.24086,12.3,[20.94655673],0.0,0.0,0.0,0.0,0.0,0,63,-1.0
best_model.pt,63645835,20260207,62.5,12.3,[2.19038388],0.055641851299999996,15.418512530467686,0.013726880000000002,5.416910384531769e-05,0.8579300000000001,4,66,0.2535375846645826
best_model.pt,63648944,20260207,26.574802,68.0,[0.04336992],0.0,0.0,0.0,0.0,0.0,0,72,-1.0
best_model.pt,63654752,20260207,1000.0,1.4,[0.82914955],169.16189160468056,5.911496877945966,1.0,0.46956332019891384,1000.0,315,9,3.2224978418701142
best_model.pt,63663934,20260207,2.1367521,21.0,[0.01492207],0.0,0.0,0.0,0.0,0.0,0,72,-1.0
best_model.pt,63670871,20260207,3.54614,1.3,[4.31574796],2.915340865106319,1.2163719109461306,0.9999997310669992,0.15151515151515152,3.5461399555206303,20,1,-0.06432926495200919
best_model.pt,63675427,20260207,1000.0,34.85,[0.10496856],0.0,0.0,0.0,0.0,0.0,0,72,-1.0
best_model.pt,63693341,20260207,1000.0,82.32,[0.02328487],0.0,0.0,0.0,0.0,0.0,0,67,-1.0
best_model.pt,63695352,20260207,244.34483,1.0,[278.00997445],0.0,0.0,0.0,0.0,0.0,0,55,-1.0
best_model.pt,63698963,20260207,1000.0,9.5,[0.13417635],0.4983047686,1.681838848373308,0.0008380700000000001,0.00016115480115349974,0.8380700000000001,4,72,-0.822964331750178
best_model.pt,63701114,20260207,166.66667,34.0,[0.10341096],0.0545218825,38.97446177758485,0.01274999961090089,0.00015184338840872093,2.125,3,72,0.14630769934073087
best_model.pt,63701115,20260207,166.66667,34.0,[1.01708348],0.3962052635999999,46.51544332627257,0.11057825662541944,2.1293764191141784e-05,18.429710000000004,11,72,0.36810127430213435
best_model.pt,63704769,20260207,1000.0,7.57,[1.55878626],26.3271838729,6.405761034237888,0.168645655,0.0011995291591249807,168.645655,31,72,-0.15379644795542652
best_model.pt,63708107,20260207,17.33141,5.0,[1.70037433],7.2179353708830805,2.4011585256223706,0.9999998899484529,0.009443984107761276,17.331409454345703,10,4,-0.5197682948755259
best_model.pt,63711027,20260207,1000.0,29.95,[0.0015935],0.0,0.0,0.0,0.0,0.0,0,72,-1.0
best_model.pt,63711593,20260207,132.71461,3.93,[7.46426469],7.364177064387508,18.021646639692186,1.0,0.0525974025974026,132.71461486816406,81,5,3.5856606446733617
best_model.pt,63712035,20260207,59.29753,27.0,[3.0426481],0.0,0.0,0.0,0.0,0.0,0,72,-1.0
best_model.pt,63716161,20260207,41.273586,3.72,[0.99299883],9.089529135811649,4.540783259035626,0.9999999999999998,0.003000304863623596,41.27358627319335,16,4,0.22064065164323035
best_model.pt,63719668,20260207,1000.0,84.69,[0.00010112],0.0,0.0,0.0,0.0,0.0,0,17,-1.0
best_model.pt,63761622,20260207,1000.0,40.0,[17.1682844],0.9740962071999999,49.8241752889403,0.048533589999999995,3.570391806024828e-05,48.53359,6,72,0.24560438222350758
best_model.pt,63768177,20260207,1000.0,95.0,[0.3668407],0.0342678237,387.6470962731062,0.013284210000000001,2.2726475743286195e-05,13.284210000000002,12,72,3.0804957502432226
best_model.pt,63777240,20260207,1000.0,31.86,[1.0178925],0.7406780367000001,53.24434477814619,0.03943697,5.089369325353202e-06,39.43697,1,72,0.6711972303241793
best_model.pt,63782676,20260207,1000.0,7.35,[1.20337855],4.3804047353,20.719372926714563,0.09075926000000001,0.0009153240908684303,90.75926000000001,8,69,1.8189623395308518
best_model.pt,63786819,20260207,72.20216,3.82,[1.02745693],13.571647713900003,4.332599615533584,0.8143872287171104,0.0002739976000551916,58.800520000000006,20,72,0.13418840085047867
best_model.pt,63793115,20260207,13.157895,19.23,[0.87290486],0.0,0.0,0.0,0.0,0.0,0,1,-1.0
best_model.pt,63798620,20260207,1000.0,15.0,[1.36293263],0.0,0.0,0.0,0.0,0.0,0,72,-1.0
best_model.pt,63800765,20260207,199.22997,2.25,[100.40840067],0.0,0.0,0.0,0.0,0.0,0,66,-1.0
best_model.pt,63801044,20260207,750.0,12.0,[10.22042456],16.41259546604153,45.696608793848455,0.9999999999999994,0.028491668544148408,749.9999999999995,260,12,2.8080507328207047
best_model.pt,63807604,20260207,1000.0,22.0,[0.16320021],0.0,0.0,0.0,0.0,0.0,0,72,-1.0
best_model.pt,63820271,20260207,68.49315,2.7,[3.14900658],8.549869784195636,8.011015667081184,0.9999999999999998,0.13539477726574503,68.49314880371092,237,2,1.9670427872598364
best_model.pt,63825455,20260207,137.20323,35.0,[1.60123457],0.0,0.0,0.0,0.0,0.0,0,72,-1.0
best_model.pt,63827404,20260207,10.638298,10.0,[0.0206587],0.0,0.0,0.0,0.0,0.0,0,66,-1.0
best_model.pt,63835415,20260207,1700.0532,30.2,[44.03172235],0.0,0.0,0.0,0.0,0.0,0,72,-1.0
best_model.pt,63839772,20260207,21.73913,32.0,[0.00565656],0.0763026319914308,284.9029522288401,0.9999999122619689,0.05357142857142857,21.7391300201416,4,8,7.903217257151253
best_model.pt,63840064,20260207,1000.0,40.0,[0.11937473],0.0,0.0,0.0,0.0,0.0,0,64,-1.0
best_model.pt,63840552,20260207,1000.0,62.32,[0.59462255],0.5786392367,61.179845013705744,0.03540112000000001,1.298691170076383e-05,35.401120000000006,6,65,-0.01829516506260776
best_model.pt,63843847,20260207,1000.0,300.0,[0.70275506],0.0,0.0,0.0,0.0,0.0,0,72,-1.0
best_model.pt,63847388,20260207,66.1157,566.0,[0.10638381],0.0,0.0,0.0,0.0,0.0,0,68,-1.0
best_model.pt,63848648,20260207,1000.0,19.0,[0.11482031],0.0,0.0,0.0,0.0,0.0,0,44,-1.0
best_model.pt,63867023,20260207,34.770515,1100.0,[0.05384564],0.0,0.0,0.0,0.0,0.0,0,72,-1.0
best_model.pt,63874819,20260207,1000.0,33.66,[0.94488005],0.0,0.0,0.0,0.0,0.0,0,72,-1.0
best_model.pt,63886292,20260207,1000.0,18.66,[0.5595577],0.0,0.0,0.0,0.0,0.0,0,51,-1.0
best_model.pt,63890282,20260207,42.79496,8.01,[0.0635166],1.1677990859300171,36.64579283524495,1.0,0.05067340067340067,42.794960021972656,7,2,3.5750052169924285
best_model.pt,63892216,20260207,41.666668,12.54,[0.93314638],0.029607792900000002,19.456720236642944,0.013826159578059095,0.0022153563820230485,0.57609,3,72,0.5515725913740623
best_model.pt,63893649,20260207,36.47676,4.76,[2.20193781],5.853325051601142,6.231800610915877,1.0,0.034181141439205955,36.47676086425781,15,5,0.3092017460637348
best_model.pt,63893761,20260207,1000.0,8.0,[0.38915863],0.8485657015,26.841885216256035,0.02277713,0.001962422639146292,22.77713,15,72,2.3552356520320044
best_model.pt,63895426,20260207,2.45433,6.5,[1.25081534],0.11325090145401048,21.67142393185723,0.9999996114320574,0.037037037037037035,2.4543299674987793,2,10,2.3340652202857277
best_model.pt,63898679,20260207,123.2009,35.0,[0.04957214],1.7538790959000001,33.75251828125841,0.4804986922768053,0.00016931166543480248,59.19787,179,56,-0.03564233482118827
best_model.pt,63904068,20260207,1000.0,31.0,[10.71926197],0.7480917955999999,4.540880516401006,0.0033970000000000003,1.5340058414942445e-06,3.3970000000000002,1,72,-0.853519983341903
best_model.pt,63904287,20260207,89.5,18.0,[0.85406679],0.0,0.0,0.0,0.0,0.0,0,72,-1.0
best_model.pt,63904753,20260207,1000.0,31.0,[0.01405486],0.0,0.0,0.0,0.0,0.0,0,72,-1.0
best_model.pt,63904784,20260207,1000.0,31.0,[4.66613462],0.6569950016,14.125291443782814,0.00928026,9.131419387829645e-06,9.28026,1,72,-0.5443454372973285
best_model.pt,63905155,20260207,1000.0,30.0,[14.31115567],0.0023476661999999996,3.1251780265752545,7.340000000000001e-06,2.9945857888936805e-06,0.007340000000000001,1,72,-0.8958273991141581
best_model.pt,63909258,20260207,1000.0,8.49,[0.07855487],1.0102182194,18.851056913479272,0.0190437,0.0010115644343970261,19.0437,4,72,1.2203836774658146
best_model.pt,63918879,20260207,1000.0,12.0,[0.41902235],2.0657734884,15.705513928158158,0.032444049999999995,3.093954791846156e-05,32.44405,3,72,0.3087928273465132
best_model.pt,63920538,20260207,10.416667,10.85,[0.00861161],0.0049245216000000005,115.73799615455955,0.05472671331949301,0.0001375137513751375,0.5700700000000001,1,72,9.667096044735976
best_model.pt,63921753,20260207,1000.0,30.0,[2.42906855],0.0,0.0,0.0,0.0,0.0,0,72,-1.0
best_model.pt,63924789,20260207,7.31947,2.53,[4.27436582],0.48607894112970434,15.058160827888074,0.9999998697072052,0.3333333333333333,7.319469928741454,4,4,4.951842291767449
best_model.pt,63930260,20260207,1000.0,50.18,[0.40955223],0.09562344360000001,65.82375554862834,0.00629436,7.082059129222615e-05,6.294359999999999,33,72,0.31175279291178076
best_model.pt,63931270,20260207,17.857143,1.05,[9.99743162],5.815017864973157,3.070865945020806,0.9999998931884913,0.0016192540967159227,17.85714340209961,6,13,1.9246343661697525
best_model.pt,63934713,20260207,29.411764,60.0,[0.32206601],0.0,0.0,0.0,0.0,0.0,0,72,-1.0
best_model.pt,63935338,20260207,45.15721,1.18,[43.84751496],22.148944177990067,2.0387973757136177,1.0,0.003037731681827383,45.15721130371094,42,36,0.7277944630000373
best_model.pt,63937480,20260207,27.78555,6.0,[15.92798454],3.2626014955898155,8.516375869072972,0.9999999313546589,0.006659267480577137,27.785549163818363,18,17,0.4193959781788286
best_model.pt,63939449,20260207,1000.0,16.0,[0.49055694],0.47035525000000006,14.973225082052165,0.007042749999999999,4.898119122257053e-05,7.042749999999999,1,64,-0.06417343237173967
best_model.pt,63939968,20260207,1000.0,30.87,[0.3124398],0.0,0.0,0.0,0.0,0.0,0,72,-1.0
best_model.pt,63939971,20260207,1000.0,30.87,[0.69906342],0.0004519215,3.7527127769381443,1.6996842999999899e-06,5.032206119162641e-05,0.0016996842999999898,1,72,-0.8784349635595495
best_model.pt,63942675,20260207,7.03731,2.08,[2.40745589],0.9611494076311254,7.321757414417508,0.9999998644831377,0.6,7.0373101234436035,9,3,2.5200758091240285
best_model.pt,63942976,20260207,0.7507508,4.82,[0.09498939],0.040448177919186645,18.560347050946614,0.9999986290931702,0.16666666666666666,0.7507507801055908,1,1,2.8506942717699446
best_model.pt,63948300,20260207,1000.0,10.01,[3.06237414],3.807622076,13.909409871430247,0.05296179,9.717872437112782e-05,52.96179,7,72,0.38955140393478227
best_model.pt,63950119,20260207,1127.645,1.49,[1214.67691517],0.19439052480000002,2.222576320878779,0.0003831436245597915,2.3368635552107385e-06,0.43205,1,62,0.49166195077394786
best_model.pt,63950135,20260207,53.81452,18.5,[3.58565441],0.0,0.0,0.0,0.0,0.0,0,28,-1.0
best_model.pt,63951234,20260207,1000.0,24.0,[0.61324884],0.0,0.0,0.0,0.0,0.0,0,72,-1.0
best_model.pt,63953718,20260207,1000.0,22.5,[1.65804886],0.0,0.0,0.0,0.0,0.0,0,70,-1.0
best_model.pt,63956425,20260207,1000.0,50.67,[3.53574827],0.0,0.0,0.0,0.0,0.0,0,72,-1.0
best_model.pt,63957691,20260207,1000.0,18.0,[0.4544255],0.0,0.0,0.0,0.0,0.0,0,72,-1.0
best_model.pt,63958692,20260207,1000.0,30.0,[1.69160415],0.0,0.0,0.0,0.0,0.0,0,72,-1.0
best_model.pt,63967286,20260207,1000.0,30.2,[4.54477295],0.0,0.0,0.0,0.0,0.0,0,72,-1.0
best_model.pt,63967300,20260207,1000.0,29.2,[12.94007754],0.4128343254,40.68697363464527,0.01679702,4.3144089559263e-06,16.79702,2,72,0.3933894716292284
best_model.pt,63972226,20260207,1000.0,29.07,[0.07104294],0.0,0.0,0.0,0.0,0.0,0,72,-1.0
best_model.pt,63972231,20260207,1000.0,29.07,[0.3966302],0.0,0.0,0.0,0.0,0.0,0,72,-1.0
best_model.pt,63982060,20260207,144.41286,32.0,[0.24142034],0.1792138806,99.88166127762942,0.1239521214728154,8.059558529193114e-05,17.90028,2,72,2.1213019149259194
best_model.pt,63985166,20260207,50.0,46.0,[0.01928978],0.5792268434570615,86.32181716538376,1.0,0.006742385546733372,50.0,11,45,0.876561242725734
best_model.pt,63985726,20260207,4994.146,1.0,[6089.8904525],3813.1076161608994,0.39821169856292,0.30404078339329876,0.07660329976378129,1518.4240610328502,1027,66,-0.60178830143708
best_model.pt,63985744,20260207,1000.0,86.31,[0.08571266],0.0,0.0,0.0,0.0,0.0,0,72,-1.0
best_model.pt,63990159,20260207,1000.0,82.32,[1.11192732],6.451442280400002,77.22958233449864,0.49824227000000004,0.003204630914913101,498.24227,677,72,-0.061836945811427506
best_model.pt,63992188,20260207,221.95963,49.74,[0.78058679],0.0,0.0,0.0,0.0,0.0,0,54,-1.0
best_model.pt,63993604,20260207,23.71317,4.5,[6.43865063],3.5621092047193286,6.657056557790815,0.9999999195658551,0.02566298357525657,23.71316909790039,69,4,0.47934590173129227
best_model.pt,63994945,20260207,1000.0,24.0,[41.13260952],1.1569794186,29.670467579337824,0.03432815,2.2596821303664104e-05,34.32815,14,72,0.23626948247240934
best_model.pt,63997152,20260207,69.34492,12.0,[2.78536879],1.9114989771,11.891912253374203,0.3278018185892958,2.259403873463082e-05,22.731389999999998,4,72,-0.009007312218816418
best_model.pt,63997228,20260207,3.88989,3.37,[0.4332658],0.20383860267649243,19.08309231594292,0.999999754832632,0.6428571428571429,3.8898899555206303,5,7,4.662638861715285
best_model.pt,63999590,20260207,40.2639,45.0,[1.13178787],0.05219553099999999,145.71658028385067,0.18890122062276052,0.0005303797957151569,7.605899999999999,6,72,2.238146228530015
best_model.pt,64000136,20260207,1000.0,90.69,[1.69324417],0.0,0.0,0.0,0.0,0.0,0,72,-1.0
best_model.pt,64002001,20260207,1000.0,62.32,[0.24218348],0.07455551769999999,39.47716565630318,0.0029432799999999995,0.001985952479283611,2.9432799999999997,21,72,-0.3665409844412784
best_model.pt,64004668,20260207,1000.0,32.0,[0.39536809],0.0,0.0,0.0,0.0,0.0,0,72,-1.0
best_model.pt,64005450,20260207,1000.0,23.0,[0.06355928],0.0,0.0,0.0,0.0,0.0,0,55,-1.0
best_model.pt,64005608,20260207,341.591,25.0,[3.26079876],0.7199234732,27.158459988299782,0.05723815851226105,2.4790471377195433e-05,19.55204,28,72,0.08633839953199128
best_model.pt,64007547,20260207,41.666668,6.5,[0.06815347],1.7283983319861864,24.107084032687776,0.9999999999999998,0.21381581020888307,41.666667938232415,73,11,2.7087821588750427
best_model.pt,64009920,20260207,650.6763,2.3,[108.4192968],0.0,0.0,0.0,0.0,0.0,0,24,-1.0
best_model.pt,64012844,20260207,1000.0,33.75,[0.02184388],0.0,0.0,0.0,0.0,0.0,0,66,-1.0
best_model.pt,64019817,20260207,248.75623,600.0,[0.0269657],0.0,0.0,0.0,0.0,0.0,0,72,-1.0
best_model.pt,64020537,20260207,40000.0,1.56,[1525.46249437],65.07323257440001,0.821395865304406,0.0013362721250000005,0.0008556751285923597,53.45088500000002,176,72,-0.4734641695942129
best_model.pt,64020711,20260207,1000.0,28.88,[0.93444233],0.0,0.0,0.0,0.0,0.0,0,72,-1.0
best_model.pt,64021638,20260207,380.56766,3.0,[151.39981392],0.0,0.0,0.0,0.0,0.0,0,57,-1.0
best_model.pt,64026285,20260207,1000.0,27.12,[1.89196298],0.0,0.0,0.0,0.0,0.0,0,38,-1.0
best_model.pt,64029548,20260207,1000.0,26.3,[2.38007307],0.49947105569999994,23.693918138051306,0.01183445,7.527609231308136e-06,11.83445,2,72,-0.09909053895852939
best_model.pt,64029589,20260207,1000.0,30.0,[3.04058014],0.0,0.0,0.0,0.0,0.0,0,72,-1.0
best_model.pt,64033273,20260207,1172.7704,25.52,[1.06289802],0.0990984506,15.088580117718635,0.001274989561621407,9.238789370952669e-06,1.49527,2,30,-0.40875470818698983
best_model.pt,64040144,20260207,500.0,1.6,[21.03901784],197.10307194452156,2.5367438088635725,1.0000000000000004,0.0513051590466939,500.0000000000002,153,44,0.5854648569144655
best_model.pt,64040948,20260207,208.86076,12.0,[14.6150059],8.158604672400001,6.812153723523547,0.26609917088015916,0.2957699163581516,55.57767601,34,34,-0.4323205230397044
best_model.pt,64048356,20260207,1062.3138,50.18,[47.01698996],0.0,0.0,0.0,0.0,0.0,0,64,-1.0
best_model.pt,64048419,20260207,793.6429,2.67,[3.1898602],53.5072150569,5.289496910828395,0.356616634503023,0.4679615974140611,283.02625404,515,26,0.9810849287204529
best_model.pt,64055756,20260207,145.76476,12.0,[18.89065394],9.638221117850424,15.123614445350924,1.0,0.0025421089225120415,145.76475524902344,27,10,0.26030120377924365
best_model.pt,64059312,20260207,2.48044,13.0,[0.03933872],0.03614644304496489,68.62006527727105,0.9999996423721313,0.02040816326530612,2.4804399013519287,1,7,4.278466559790081
best_model.pt,64059848,20260207,33.37384,14.0,[3.29243069],1.0009049427392789,33.34363290989535,0.9999999999999998,0.0010177996217400566,33.37384033203124,25,39,1.381688064992525
best_model.pt,64060132,20260207,1000.0,114.63,[0.00028414],0.0,0.0,0.0,0.0,0.0,0,50,-1.0
best_model.pt,64062292,20260207,1321.4402,800.0,[2.22716564],0.0,0.0,0.0,0.0,0.0,0,1,-1.0
best_model.pt,64073068,20260207,1013.3128,12.92,[42.49666907],0.0,0.0,0.0,0.0,0.0,0,72,-1.0
best_model.pt,64081848,20260207,1000.0,96.08,[0.00241195],0.0,0.0,0.0,0.0,0.0,0,72,-1.0
best_model.pt,64083791,20260207,125.47337,14.0,[1.60462779],0.0,0.0,0.0,0.0,0.0,0,26,-1.0
best_model.pt,64086199,20260207,1000.0,32.2,[0.021029],0.0,0.0,0.0,0.0,0.0,0,17,-1.0
best_model.pt,64087380,20260207,1000.0,23.0,[5.34113275],0.0,0.0,0.0,0.0,0.0,0,72,-1.0
best_model.pt,64096983,20260207,1000.0,30.2,[4.30133487],0.0,0.0,0.0,0.0,0.0,0,72,-1.0
best_model.pt,64097468,20260207,15.625,21.06,[0.01136528],0.0,0.0,0.0,0.0,0.0,0,29,-1.0
best_model.pt,64099890,20260207,1000.0,30.66,[10.77036376],2.9642781433999996,35.06175193770383,0.10393282,1.5433177318328975e-05,103.93281999999999,6,72,0.14356660509452865
best_model.pt,64101372,20260207,416.66666,160.0,[0.74120955],0.006738587799999999,50.1499513071111,0.0008111760198041021,1.8595379420121686e-06,0.33799,1,72,-0.6865628043305556
best_model.pt,64101770,20260207,72.20216,3.4,[4.90549062],3.1661828586999996,5.533652113049982,0.24265976396079242,0.00011611028674583172,17.52056,5,72,0.6275446934809484
best_model.pt,64104000,20260207,1000.0,42.0,[0.07516578],0.015622223199999999,96.59978486385577,0.0015092,0.038461538461538464,1.5092,1,26,1.2999948777108519
best_model.pt,64105048,20260207,11.61668,2.37,[4.91413283],3.0026644160030664,3.8687894040245636,0.999999917904752,0.09574468085106383,11.616680145263672,9,2,0.6324006712396603
best_model.pt,64106409,20260207,1000.0,42.0,[0.00105455],0.0,0.0,0.0,0.0,0.0,0,14,-1.0
best_model.pt,64107218,20260207,2941.1765,1.0,[3.57835713],0.0,0.0,0.0,0.0,0.0,0,11,-1.0
best_model.pt,64110035,20260207,228.48798,91.53,[7.41909721],0.0,0.0,0.0,0.0,0.0,0,72,-1.0
best_model.pt,64113541,20260207,65.18746,15.0,[8.43378011],4.905013142110822,13.289964098854691,1.0000000000000004,0.0213496776333249,65.18746185302737,62,15,-0.11400239340968726
best_model.pt,64114731,20260207,814.72974,1.0,[1020.60950392],1824.419041568201,0.44656941049093907,1.0,0.05695755918808768,814.729736328125,678,63,-0.553430589509061
best_model.pt,64115407,20260207,17.81497,1.0,[39.86770342],24.66537002376034,0.7222664519953175,0.9999998929356363,0.019290959080597123,17.814970016479492,14,4,-0.27773354800468253
best_model.pt,64115681,20260207,6.81994,1.8,[8.57085682],2.1142958890275083,3.2256302913619392,0.9999998601638476,0.020479571884326437,6.819940090179444,14,6,0.7920168760066459
best_model.pt,64117220,20260207,230.2107,20.91,[0.46890149],0.0,0.0,0.0,0.0,0.0,0,67,-1.0
best_model.pt,64118118,20260207,11.77282,260.0,[0.09289078],0.0,0.0,0.0,0.0,0.0,0,40,-1.0
best_model.pt,64119946,20260207,1000.0,9.0,[0.04198256],14.268303907,19.54928085838389,0.27893510000000005,0.004172585682078047,278.93510000000003,450,72,1.1721423175982102
best_model.pt,64120867,20260207,1000.0,9.0,[1.47208255],9.865024757,14.190075469460327,0.13998545999999998,0.0018536309564942592,139.98546,277,72,0.5766750521622586
best_model.pt,64125620,20260207,1000.0,7.5,[6.03681066],75.20995150107224,13.296112638626434,1.0000000000000004,0.041660288088174874,1000.0000000000003,2007,11,0.7728150184835246
best_model.pt,64126534,20260207,333.33334,6.0,[10.33752043],8.403920574261583,39.66402358236524,1.0000000000000002,0.01033360776777718,333.33334350585943,27,18,5.6106705970608735
best_model.pt,64129362,20260207,1000.0,24.0,[0.00400027],0.0,0.0,0.0,0.0,0.0,0,72,-1.0
best_model.pt,64129661,20260207,1143.8391,24.0,[39.60234406],0.0,0.0,0.0,0.0,0.0,0,72,-1.0
best_model.pt,64131561,20260207,35.86777,16.1,[3.13113294],1.8550526918187713,19.335166042291423,1.0,0.0003820209827502728,35.86777114868164,3,40,0.20094196174959136
best_model.pt,64138592,20260207,1000.0,49.74,[18.24395663],3.7228057649999995,55.18043051047266,0.20542608,9.911648036162783e-05,205.42608,9,67,0.10937733511096982
best_model.pt,64141830,20260207,1000.0,25.0,[11.68765614],0.0,0.0,0.0,0.0,0.0,0,72,-1.0
best_model.pt,64142416,20260207,111.111115,3.54,[0.26092889],4.509583647936253,24.63887989169945,0.9999999999999998,0.7277926322043969,111.1111145019531,71,17,5.960135637629253
best_model.pt,64150905,20260207,6.0798,48.47,[0.06045328],0.008413248,26.881784325824484,0.03720351980707541,0.021739130434782608,0.22618999999999997,1,23,-0.4453933639609154
best_model.pt,64157057,20260207,319.69867,3.0,[1.47537276],15.080532574199998,5.2633670161243415,0.24827874054223192,0.00846981974869484,79.374383,29,43,0.7544556720414471
best_model.pt,64162199,20260207,209.54996,1.0,[0.56934478],47.55746578409934,4.406247250861831,0.9999999999999998,0.0056545784541051705,209.54995727539057,41,64,3.4062472508618313
best_model.pt,64162266,20260207,1000.0,2.09,[74.27437605],0.0,0.0,0.0,0.0,0.0,0,42,-1.0
best_model.pt,64165844,20260207,1000.0,4.75,[46.44669758],104.14864365628867,9.601661195882086,0.999999999999999,0.02108714396975641,999.999999999999,373,21,1.0214023570278075
best_model.pt,64166008,20260207,1000.0,148.94,[0.01317282],0.0,0.0,0.0,0.0,0.0,0,23,-1.0
best_model.pt,64166181,20260207,35.08772,61.67,[0.04736793],0.10897347340537765,321.98108297435044,1.0,0.3333333333333333,35.08771896362305,1,1,4.221032796081515
best_model.pt,64167205,20260207,1000.0,10.0,[0.77032703],2.606517405999999,10.707213858822834,0.027908549999999997,9.746947241542576e-05,27.908549999999998,9,69,0.07072138588228345
best_model.pt,64169776,20260207,2.2580645,3.34,[0.18611519],0.09601924981917925,23.516544819352063,0.9999995776586942,0.7777777777777777,2.258064508438111,5,3,6.040881863375988
best_model.pt,64173658,20260207,31.25,14.4,[0.00109381],0.0037725765000000003,177.90284627859006,0.021482558688808672,0.008771929824561403,0.67133,1,57,11.354364652180983
best_model.pt,64177035,20260207,237.66125,12.0,[24.48548763],0.0,0.0,0.0,0.0,0.0,0,67,-1.0
best_model.pt,64178557,20260207,1000.0,31.31,[0.08861221],0.0,0.0,0.0,0.0,0.0,0,72,-1.0
best_model.pt,64178983,20260207,4.4334974,3.12,[2.10552678],0.881190511759686,5.031252990670119,0.9999997848935007,0.3333333333333333,4.433497428894043,6,3,0.6125811459023671
best_model.pt,64179291,20260207,1000.0,12.93,[0.06073669],0.6976407966,11.159251119903443,0.00778516,0.3245614035087719,7.78516,12,19,-0.13694888967353858
best_model.pt,64179851,20260207,1000.0,10.01,[0.32558548],1.3027490707,26.41052245847328,0.03440631,0.0003346720214190094,34.406310000000005,2,72,1.638413771687142
best_model.pt,64180551,20260207,1000.0,86.31,[0.010913],0.0,0.0,0.0,0.0,0.0,0,37,-1.0
best_model.pt,64181008,20260207,1000.0,30.8,[0.1026294],0.0,0.0,0.0,0.0,0.0,0,6,-1.0
best_model.pt,64185135,20260207,250.0,28.0,[0.42110049],0.0,0.0,0.0,0.0,0.0,0,72,-1.0
best_model.pt,64186013,20260207,82.85865,10.0,[0.71754633],4.612643694207945,17.96337149305351,1.0,0.0011876413142829652,82.85865020751953,4,4,0.7963371493053512
best_model.pt,64188498,20260207,1000.0,26.98,[0.00055345],0.0,0.0,0.0,0.0,0.0,0,21,-1.0
best_model.pt,64189196,20260207,96.95803,32.41,[4.22056064],0.0,0.0,0.0,0.0,0.0,0,71,-1.0
best_model.pt,64190160,20260207,111.111115,2.0,[24.9558895],29.665341850469922,3.745485601228879,1.0000000000000004,0.221120226154409,111.11111450195317,73,69,0.8727428006144395
best_model.pt,64192256,20260207,3.6057692,102.0,[0.00166132],0.0025784421,954.7723517422625,0.6830108199159782,9.935419771485345e-05,2.46278,2,30,8.360513252375123
best_model.pt,64192383,20260207,89.25466,25.49,[9.17800014e-05],0.0,0.0,0.0,0.0,0.0,0,34,-1.0
best_model.pt,64192413,20260207,1000.0,58.55,[0.03213252],0.0,0.0,0.0,0.0,0.0,0,72,-1.0
best_model.pt,64199262,20260207,461.9958,1900.0,[0.08203797],0.0,0.0,0.0,0.0,0.0,0,50,-1.0
best_model.pt,64200673,20260207,1000.0,10.57,[0.31031617],16.315144468000003,34.77278220489845,0.5673230000000001,0.01693389427914412,567.3230000000001,357,72,2.289761892985251
best_model.pt,64200712,20260207,1000.0,160.82,[0.39844301],0.0,0.0,0.0,0.0,0.0,0,72,-1.0
best_model.pt,64200992,20260207,1000.0,10.57,[0.01700329],5.407573630800001,17.660998972818835,0.09550317,0.0025098248314185025,95.50317,58,72,0.670860878214296
best_model.pt,64203381,20260207,1000.0,46.06,[8.86759623],0.0,0.0,0.0,0.0,0.0,0,65,-1.0
best_model.pt,64206422,20260207,70.27027,20.7,[0.08656669],0.0,0.0,0.0,0.0,0.0,0,72,-1.0
best_model.pt,64210247,20260207,72.20216,3.4,[10.80544793],23.9763302147,0.3472658375229315,0.11531733003214606,0.00028665506976782306,8.32616074,19,72,-0.8978629918287095
best_model.pt,64210997,20260207,1000.0,29.6,[14.71985225],1.7739955535999998,37.403669057500025,0.06635397999999999,6.564632738204403e-06,66.35397999999999,3,72,0.26363745187366866
best_model.pt,64212391,20260207,91.666664,19.44,[1.62687806],0.0,0.0,0.0,0.0,0.0,0,65,-1.0
best_model.pt,64213169,20260207,31.25,48.29,[0.32624697],0.0,0.0,0.0,0.0,0.0,0,34,-1.0
best_model.pt,64215562,20260207,250.0,1.0,[0.12904759],69.1824044079418,3.6136355555411317,0.9999999999999983,0.6443463935281715,249.99999999999957,213,6,2.6136355555411317
best_model.pt,64217599,20260207,4.0444894,17.6,[0.16224127],0.14076565670933658,28.731870730217125,0.9999997615814209,0.009523809523809523,4.04448938369751,1,3,0.6324926197426484
best_model.pt,64218618,20260207,1000.0,72.88,[0.24709976],0.0,0.0,0.0,0.0,0.0,0,54,-1.0
best_model.pt,64218716,20260207,1000.0,86.0,[0.02298088],0.0,0.0,0.0,0.0,0.0,0,48,-1.0
best_model.pt,64221144,20260207,50.0,2.7,[5.91637426],9.793649378219497,5.105348676852613,1.0,0.04344729344729345,50.0,12,9,0.8908698469218196
best_model.pt,64223277,20260207,320.8255,6.0,[74.70335045],39.51697811401158,8.118674748964448,1.0000000000000002,0.002827006076694567,320.8255004882813,27,6,0.3531124581607414
best_model.pt,64223652,20260207,62.5,2.3,[6.48428271],12.26358154038966,5.096390047048532,1.0000000000000002,0.055511393746687863,62.500000000000014,37,8,1.2158218055248473
best_model.pt,64224566,20260207,35.714287,72.0,[0.13725183],0.0,0.0,0.0,0.0,0.0,0,72,-1.0
best_model.pt,64226642,20260207,1000.0,25.05,[2.91122511],2.5174506751999997,15.651335192708215,0.03940148000000001,0.0031431542032906,39.40148000000001,108,72,-0.37519618086244716
best_model.pt,64227028,20260207,1000.0,8.0,[0.05390942],0.39934431719999997,7.896028485093753,0.0031532419999999997,7.982120051085569e-05,3.1532419999999997,1,72,-0.012996439363280876
best_model.pt,64228142,20260207,1000.0,25.88,[16.33815986],1.5348858343574259,651.5138299551874,0.9999999999999998,0.001180199596273304,999.9999999999998,27,31,24.174414647696945
best_model.pt,64229089,20260207,1000.0,3.94,[8.43509239],9.6560415626,10.406453715231267,0.10048516,0.015089183369041506,100.48516000000001,22,70,1.641231869060601
best_model.pt,64229552,20260207,41.666668,1.4,[7.18596147],20.511623404299968,2.0313685116766083,1.0,0.024765129461043308,41.66666793823242,20,22,0.4509775330504346
best_model.pt,64230865,20260207,4.6641793,27.0,[0.07598886],0.14222339928901778,32.79450887766144,0.999999795532278,0.0008451629605673647,4.66417932510376,3,42,0.21461143991338677
best_model.pt,64233051,20260207,1000.0,56.0,[0.0003873],0.0008927176000000001,78.27976085510679,6.996e-05,0.0012254901960784314,0.06996,1,68,0.3978528724126212
best_model.pt,64233843,20260207,223.26955,80.0,[4.27981141],10.542403422887894,21.178237672618952,0.9999999999999999,0.1430461073318216,223.26954650878903,6,21,-0.7352720290922632
best_model.pt,64238938,20260207,41.666668,1.51,[3.04262653],9.55434163818954,4.361018807477883,1.0000000000000004,0.3213213213213213,41.666667938232436,40,3,1.8880919437224333
best_model.pt,64240263,20260207,41.666668,1.29,[18.52793201],7.8388356484539905,5.315414749260035,1.0000000000000004,0.14108998374213613,41.66666793823244,28,6,3.1204766716618186
best_model.pt,64240994,20260207,1000.0,50.18,[15.0738597],0.0,0.0,0.0,0.0,0.0,0,72,-1.0
best_model.pt,64243018,20260207,1000.0,23.0,[6.04487362],0.7033505235999999,41.8592823248702,0.029441790000000006,4.493334266912036e-05,29.441790000000005,6,67,0.819968796733487
best_model.pt,64243604,20260207,1000.0,38.5,[0.0999369],0.0,0.0,0.0,0.0,0.0,0,4,-1.0
best_model.pt,64251345,20260207,169.62833,1.76,[95.44074051],0.0,0.0,0.0,0.0,0.0,0,57,-1.0
best_model.pt,64251856,20260207,1000.0,14.0,[0.60129731],11.871990231699998,12.31358473460285,0.14618676999999997,0.005865802067405392,146.18676999999997,20,71,-0.12045823324265356
best_model.pt,64254884,20260207,1000.0,163.18,[0.00123474],0.0,0.0,0.0,0.0,0.0,0,49,-1.0
best_model.pt,64254890,20260207,1000.0,163.18,[0.03912288],0.0,0.0,0.0,0.0,0.0,0,56,-1.0
best_model.pt,64255796,20260207,1000.0,2.0,[198.59441722],0.0,0.0,0.0,0.0,0.0,0,51,-1.0
best_model.pt,64256969,20260207,1000.0,61.25,[0.09872949],0.0,0.0,0.0,0.0,0.0,0,66,-1.0
best_model.pt,64259874,20260207,283.01886,56.1,[1.1502193],0.0,0.0,0.0,0.0,0.0,0,72,-1.0
best_model.pt,64260084,20260207,1000.0,35.0,[0.00042429],0.0024200271,16.559087669857146,4.009e-05,0.14705882352941177,0.04009,3,17,-0.526883209432653
best_model.pt,64265671,20260207,363.78366,3.0,[0.47237063],5.583170385000001,5.622164865712786,0.08628620076921509,0.007391990709141153,31.389509999999998,17,72,0.8740549552375952
best_model.pt,64267444,20260207,72.20216,3.4,[0.00528562],14.65605870534626,4.926437606551989,1.0000000000000002,0.6875,72.20216369628908,22,1,0.4489521965791587
best_model.pt,64268049,20260207,1000.0,91.46,[0.09903829],0.015103186200000004,171.97748793642387,0.0025975800000000004,0.0008285004142502071,2.5975800000000002,1,71,0.8803574202705281
best_model.pt,64269101,20260207,1000.0,2.08,[48.04075789],0.0,0.0,0.0,0.0,0.0,0,30,-1.0
best_model.pt,64273516,20260207,1.7391304,22.76,[0.03709376],0.06679002450917272,26.03838450674802,0.9999994516375508,0.00015483700684185419,1.7391303777694702,6,48,0.14404148703416977
best_model.pt,64273959,20260207,3.27383,2.5,[0.26976729],0.4325128287003771,7.569306967174774,0.9999997086977463,0.2818199344515134,3.273829936981201,18,4,2.0277227868699095
best_model.pt,64274214,20260207,79.67624,1.6,[40.99543965],26.8610736164,1.8034486963683665,0.6079926788673797,0.046641980570551994,48.442569999999996,28,42,0.12715541843430447
best_model.pt,64274912,20260207,1000.0,69.46,[0.00258967],0.0,0.0,0.0,0.0,0.0,0,29,-1.0
best_model.pt,64277430,20260207,11.111111,29.66,[0.25847866],0.0,0.0,0.0,0.0,0.0,0,72,-1.0
best_model.pt,64277460,20260207,376.40848,52.58,[3.02272637],0.0,0.0,0.0,0.0,0.0,0,72,-1.0
best_model.pt,64279494,20260207,2330.6992,1.0,[4.55606586],72.326603943,6.710636569800369,0.20824547251545686,0.012860968869880382,485.3575600999999,172,35,5.710636569800369
best_model.pt,64280314,20260207,148.10777,1.0,[3.05899225],64.12420485386318,2.3097014747392097,1.0,0.10204402862925044,148.10777282714844,27,5,1.3097014747392097
best_model.pt,64282626,20260207,24.252224,2.1,[11.26059665],29.296166681458388,0.8278292311883217,0.9999999213536668,0.0010050229481776778,24.252223968505856,27,7,-0.6057955862940075
best_model.pt,64284934,20260207,1000.0,28.6,[0.16912727],0.0,0.0,0.0,0.0,0.0,0,8,-1.0
best_model.pt,64286119,20260207,1000.0,86.31,[0.58500253],0.0018589440000000004,79.56153518600559,0.00014798,1.231284475965327e-05,0.14798,1,72,-0.0781886521084281
best_model.pt,64287339,20260207,31.51394,9.5,[3.41815016],1.2671513059070514,24.869891854554105,0.9999999394760393,0.00101010101010101,31.513940811157227,3,11,1.6178833531109584
best_model.pt,64288469,20260207,1000.0,48.4,[0.02223981],0.009464572800000001,306.8858125521997,0.00290485,0.0033452138662425066,2.90485,11,72,5.340615761925369
best_model.pt,64288593,20260207,6.6666665,42.48,[0.01493185],0.0002637656,19.375628858129605,0.0007694999082684626,0.005319148936170213,0.00513,1,47,-0.5438882046393357
best_model.pt,64293134,20260207,37.5,7.5,[0.42062228],3.5980370582267933,10.422346677033486,1.0000000000000009,0.03227813649563563,37.500000000000036,185,4,0.3896462236044648
best_model.pt,64295359,20260207,1000.0,16.12,[0.0141793],0.0808382664,139.72739366669956,0.011295459999999998,0.013988199209856847,11.295459999999999,40,61,7.667952009445703
best_model.pt,64297824,20260207,1000.0,33.0,[0.00205724],0.0,0.0,0.0,0.0,0.0,0,52,-1.0
best_model.pt,64300269,20260207,3.38267,15.0,[0.00491769],0.025077767400000003,16.421859712291916,0.12174994691692596,0.0009755291005291005,0.41183999999999993,2,70,0.09479064748612771
best_model.pt,64321933,20260207,50.13335,26.93,[1.1479025],0.0,0.0,0.0,0.0,0.0,0,72,-1.0
best_model.pt,64324670,20260207,1000.0,8.39,[4.78991067],0.3730359478,6.681992265646563,0.00249263,4.250230682708563e-05,2.49263,4,68,-0.20357663978351592
best_model.pt,64325724,20260207,1000.0,67.37,[0.04887855],0.5260979938,87.00377788101369,0.0457726,0.17777777777777778,45.7726,6,18,0.2914320073324884
best_model.pt,64326105,20260207,27.51538,48.47,[2.92133463],0.0220780976,41.997187421283016,0.03369969474389444,0.0038733544470604003,0.9272600000000001,6,70,-0.13354267869618616
best_model.pt,64326658,20260207,1000.0,76.48,[0.09384181],0.0,0.0,0.0,0.0,0.0,0,59,-1.0
best_model.pt,64329848,20260207,3.8860104,2.17,[0.12005748],0.2642388477097227,14.706375446713153,0.9999997545878723,0.6666666666666666,3.886010408401489,7,3,5.777131303990354
best_model.pt,64330332,20260207,2.2222223,39.44,[0.020625],0.000650793,48.63507279151509,0.014264993197921181,0.007751937984496124,0.0317,1,43,0.23314083379757405
best_model.pt,64330383,20260207,3.83043,48.47,[0.20456178],0.07777834905412791,49.24739120864969,0.9999997615814209,0.14285714285714285,3.830430030822754,1,7,0.01603857991269277
best_model.pt,64332866,20260207,128.20512,23.0,[2.81919282],0.019606400000000003,29.93869661454348,0.004578756153705803,1.9926669854933846e-05,0.58702,1,72,0.3016824615018905
best_model.pt,64333168,20260207,1000.0,11.98,[0.43836524],0.22288017259999998,21.904945774679586,0.004882200000000001,0.0006619139834930271,4.882200000000001,63,72,0.8284596503908171
best_model.pt,64333572,20260207,45.454544,1.87,[1.19355252],2.4960061470154877,18.210903010327307,1.0000000000000002,0.35914990274097697,45.45454406738282,66,7,8.73845078282928
best_model.pt,64334450,20260207,1000.0,17.05,[0.16154833],0.17689187820000002,44.76952424871562,0.00791941,0.0009224069052234774,7.91941,5,71,1.6257786658079625
best_model.pt,64334757,20260207,1000.0,9.5,[0.01185847],14.603558348500002,20.621511017513157,0.30114746000000003,0.0036347404336979547,301.14746,399,72,1.1706853702645428
best_model.pt,64335100,20260207,1000.0,9.0,[0.10060933],20.342782962399994,18.78675262473327,0.38217485,0.00310791836219621,382.17485,569,72,1.0874169583036968
best_model.pt,64335303,20260207,1000.0,5.55,[0.06302217],11.0065199507,7.595484797826436,0.08359986255800002,0.0955836446408147,83.59986255800001,126,72,0.36855577239552034
best_model.pt,64337334,20260207,10.416667,41.08,[0.03923027],0.14226468919999996,29.6996417320277,0.4056229904854749,0.03936781609195402,4.225240000000001,7,58,-0.27702920135762826
best_model.pt,64339571,20260207,192.88928,1.0,[2.74538121],17.02783915929225,11.327877195352992,1.0000000000000002,0.034500568971734515,192.88928222656253,30,14,10.327877195352992
best_model.pt,64340433,20260207,6.6666665,42.48,[0.01543236],0.0,0.0,0.0,0.0,0.0,0,63,-1.0
best_model.pt,64340578,20260207,170.38144,1.0,[23.72789827],86.45112635658735,1.970841149430097,0.9999999999999997,0.035039784933601145,170.38143920898432,79,28,0.970841149430097
best_model.pt,64341465,20260207,4.30407,13.0,[0.71638827],0.08516393889124688,50.53805065692935,0.9999997615814209,0.002717391304347826,4.304069995880127,1,8,2.8875423582253346
best_model.pt,64343632,20260207,1016.6667,1.8,[36.6308814],0.0,0.0,0.0,0.0,0.0,0,48,-1.0
best_model.pt,64345690,20260207,1000.0,10.57,[1.66065835],0.0,0.0,0.0,0.0,0.0,0,67,-1.0
best_model.pt,64347079,20260207,45.454544,16.0,[0.51463665],0.6510544214000001,13.979992640915283,0.20023850611079427,0.0044546131999975485,9.101750000000001,58,72,-0.12625045994279482
best_model.pt,64349849,20260207,82.42704,2.5,[55.39614335],1.6558976002,2.1991745144057524,0.04417979822613678,0.04791666666666666,3.64161,3,32,-0.12033019423769904
best_model.pt,64354560,20260207,1000.0,10.0,[2.4120215],23.199859071299997,34.39877005798172,0.7980466519700001,0.0019545494235388827,798.0466519700001,306,72,2.4398770057981722
best_model.pt,64355215,20260207,1000.0,75.47,[0.00341556],0.0,0.0,0.0,0.0,0.0,0,35,-1.0
best_model.pt,64355555,20260207,26.31579,3.26,[1.0140941],5.158576411319888,5.101365759995134,0.9999999275207597,0.5864788233209286,26.315790176391616,77,12,0.5648361272756363
best_model.pt,64364407,20260207,62.5,2.0,[4.5380464],13.913799126528069,4.491943209737319,1.0000000000000002,0.43041666666666667,62.50000000000001,57,8,1.2459716048686595
