ad_id,period,budget_real,target_CPA_real,conversion_real,conversion_model,CPA_real,CPA_model,spend_real,spend_model,total_win_real,total_win_model,win_rate_real,win_rate_model,budget_used_real,budget_used_model,CPA_violation_real,CPA_violation_model
40094971,20260207,12.32876712328767,1.53,5.453421629999999,0.0,1.5977326880555174,0.0,8.71311,0.0,1266,0,0.00809462915601023,0.0,0.7067300333333334,0.0,0.0442697307552401,-1.0
46573939,20260207,432.71963,80.19,3.0510733199999986,0.0,28.255768039032258,0.0,86.21042,0.0,78283,0,0.016314056475982077,0.0,0.19922927924485423,0.0,-0.647639755093749,-1.0
49311445,20260207,431.8523599999999,1.8,279.38898144000007,81.12544357546209,1.1955223798678374,5.323266432830781,334.01577999999995,431.8523559570313,25292,124,0.001249592395332062,0.8985507246376812,0.7734490092864145,1.0000000000000002,-0.3358209000734237,1.957370318805104
49847522,20260207,937.1593,1.84,756.1369726700001,238.51220241380503,1.1993375443575636,3.929188059748437,906.86346,937.1593017578132,43366,161,0.005254064794397732,0.8895027624309392,0.9676726891575423,1.0000000000000009,-0.34818611719697634,1.1354282546037116
51225207,20260207,105.26315789473684,2.7,4.752202259999999,0.0,3.2378546110114437,0.0,15.38694,0.0,73031,0,0.024762986572629864,0.0,0.14617593,0.0,0.1992054114857198,-1.0
51225953,20260207,54.45402,1.07,16.520339259999997,21.07128292251163,0.5183937124545469,2.5842763855353468,8.56404,54.45402145385742,1187,19,0.0007935552881401257,1.0,0.1572710334333443,1.0,-0.5155198949022927,1.415211456871462
51711872,20260207,117.17214,1.34,105.96849434999996,36.27983663245961,0.566520930284408,3.2296765827853267,60.033370000000005,117.17214202880864,45749,185,0.02908206725573708,0.9736842105263158,0.5123519123231854,1.0000000000000004,-0.5772231863549194,1.4102063450268736
51867779,20260207,240.31079,6.1,60.62360383999997,29.299121423335773,3.105365865362584,8.20197914270038,188.25847,240.31079101562503,9295,55,0.005096781268849043,0.2413194444444444,0.7833958267125666,1.0000000000000002,-0.4909236286290845,0.3445867657262567
52697878,20260207,256.73525,1.7,146.14289968,59.4250919194053,1.186323867800787,4.320317350752154,173.37281000000002,256.7352600097656,17489,147,0.025940373776327498,0.6324768144303582,0.6752980356222996,1.0,-0.30216243070541937,1.5413630762179524
53375682,20260207,125.0,2.2,2.064560029999999,0.0,0.611452310253241,0.0,1.26238,0.0,5055,0,0.0009694122159363314,0.0,0.01009904,0.0,-0.7220671317030724,-1.0
53854143,20260207,571.02984,1.09,366.8150784600001,246.40367082603728,0.7371172721011375,2.317456724405297,270.38573,571.0298461914061,23132,148,0.012759666832147389,0.8969435736677116,0.47350543011902846,0.9999999999999998,-0.32374562192556194,1.1261070215035036
54547571,20260207,31.747280000000007,6.5,5.582730409999998,0.0,2.2236090744707844,0.0,12.413809999999998,0.0,1179,0,0.0020264695771742866,0.0,0.3910196401077508,0.0,-0.6579062962352639,-1.0
55113470,20260207,420.4162162162162,3.33,34.42696216,49.720685553264914,2.352422488618438,8.455559614963517,80.98676,420.4162292480464,17313,453,0.001576675439634996,0.4646153846153846,0.1926347197757692,0.9999999999999988,-0.2935668202347033,1.5392071497566513
55199224,20260207,78.07889,6.5,6.828174149999999,0.0,6.8187481715005775,0.0,46.5596,0.0,41439,0,0.009419024889191954,0.0,0.5963148297830566,0.0,0.04903818023085808,-1.0
55273179,20260207,148.7603305785124,4.1,10.458111869999998,20.88319674810524,2.030104502984247,7.123445939388885,21.23106,148.7603302001954,12559,294,0.003642507033266626,0.3261376949286062,0.14271990333333334,1.0000000000000009,-0.5048525602477446,0.7374258792884705
55954706,20260207,1000.0,33.01,0.7130576899999979,0.0,6.659937991833472,0.0,4.74892,0.0,4075,0,0.21335078534031413,0.0,0.00474892,0.0,-0.7982448351459112,-1.0
56069198,20260207,355.11819,6.0,32.74950241,34.12077274214867,2.545594707251004,10.407682934265,83.36695999999999,355.118194580078,6120,58,0.0018228933964793137,0.2885572139303483,0.23475834904429982,0.9999999999999996,-0.575734215458166,0.7346138223775002
56094571,20260207,305.08474576271186,6.1,0.9921379099999985,0.0,2.440678836675038,0.0,2.42149,0.0,1618,0,0.007816425120772947,0.0,0.007937106111111111,0.0,-0.5998887152991741,-1.0
56864799,20260207,6.76347,5.22,1.48259931,0.0,3.4828560658105254,0.0,5.163679999999999,0.0,3353,0,0.011482876712328767,0.0,0.7634660906309926,0.0,-0.33278619428917133,-1.0
57374168,20260207,122.44897959183672,13.0,0.7889959199999992,0.0,2.6231187608676128,0.0,2.06963,0.0,1041,0,0.003721844833750447,0.0,0.016901978333333335,0.0,-0.7982216337794145,-1.0
57521810,20260207,626.15678,4.5,311.66268919000015,44.37692078046664,2.0498868557555228,14.109964688718478,638.8732500000002,626.1567993164061,840623,785,0.04613256575878476,0.0938972239161074,1.0203087635655725,0.9999999999999998,-0.5444695876098838,2.135547708604106
57579039,20260207,69.34497,5.0,24.49807011,6.831703774397097,2.8512694953667923,10.150463609464849,69.8506,69.344970703125,3000,1,0.006489292667099286,1.0,1.0072915166017087,1.0,-0.42974610092664156,1.0300927218929696
57654377,20260207,2386.38826,430.5,4.378679559999998,0.0,505.21757751097016,0.0,2212.18588,0.0,339592,0,0.0321610743339868,0.0,0.9270016606601977,0.0,0.17355999421828144,-1.0
57699816,20260207,73.77049180327869,11.1,1.9700780999999987,0.0,5.268613462583035,0.0,10.37958,0.0,5093,0,0.030082693443591258,0.0,0.14070097333333334,0.0,-0.5253501385060328,-1.0
57813819,20260207,1.3888888888888888,2.63,0.7436829199999995,0.0,0.3781853696465157,0.0,0.28125,0.0,25133,0,0.04126251846987358,0.0,0.2025,0.0,-0.8562032815032259,-1.0
57950075,20260207,3.5460992907801416,3.69,1.4694264899999996,0.0,0.6567936583203969,0.0,0.9651099999999999,0.0,1541,0,0.011215429403202328,0.0,0.27216102,0.0,-0.8220071386665592,-1.0
57950895,20260207,56.60377358490566,2.13,18.751780509999996,8.24124529934357,0.7874580225661997,6.868351335273486,14.76624,56.60377502441408,9230,58,0.013494152046783626,0.7261904761904762,0.26087024,1.0000000000000002,-0.6303013978562443,2.22457791842715
57951243,20260207,373.1092299999999,2.23,167.37513349,87.86407808445423,1.463428496770306,4.246436385607362,244.94154,373.10922241210926,46360,177,0.02010058966354492,0.7627635046113307,0.6564874849115903,0.9999999999999996,-0.34375403732273274,0.9042315467654832
58134130,20260207,8.695652173913043,2.0,4.70832877,2.5115005414098857,1.4064332215271367,3.462331941542488,6.62195,8.69565200805664,305049,10,0.07139323160456844,0.002044425806929,0.76152425,0.9999998903274636,-0.29678338923643166,0.7311659707712439
58283047,20260207,420.4162162162162,3.33,11.93555118,54.0899934901819,2.88911081524096,7.772532299376707,34.48313,420.4162292480469,5696,391,0.004605805773429288,0.2958180335929851,0.0820214079997943,1.0000000000000002,-0.13239915458229426,1.3340938370732538
58417305,20260207,1.0332357499569484,52.0,0.00749337,0.0,0.0,0.0,0.0,0.0,37048,0,0.0031913720625732205,0.0,0.0,0.0,-1.0,-1.0
58419221,20260207,46.08294930875576,52.0,0.949742499999999,0.0,16.274147992745416,0.0,15.456249999999997,0.0,1948710,0,0.047577437760475794,0.0,0.33540062499999995,0.0,-0.6870356155241267,-1.0
58432699,20260207,116.6156,35.0,8.019357389999996,0.028054146,12.629938419542125,20.96157332419514,101.28399,0.5880799999999999,35909,1,0.06658446133877248,0.0001021241830065,0.8685286531133056,0.0050428930352815,-0.6391446165845107,-0.401097905022996
58435300,20260207,48.31349,57.2,1.7800080499999984,0.0,25.441873703885797,0.0,45.286739999999995,0.0,920418,0,0.08910576504187037,0.0,0.9373518659074307,0.0,-0.5552119981838147,-1.0
58492787,20260207,23.529411764705884,2.9,9.26852865,4.249267514381436,1.434778971093756,5.5372851200821644,13.29829,23.52941131591797,1815,15,0.003260869565217391,0.6611111111111111,0.565177325,0.999999918937688,-0.5052486306573255,0.9094085993057828
58588021,20260207,11.049723756906078,1.2,0.6890549199999997,0.0,0.47925062344812824,0.0,0.33022999999999997,0.0,1261,0,0.04945098039215686,0.0,0.029885814999999996,0.0,-0.6006244804598931,-1.0
58803527,20260207,159.76764999999995,7.1,11.840051959999998,12.7948713561,3.329771704819444,8.639206935683172,39.42467,110.53755,1901,11,0.005489460005775339,0.0238402704049999,0.2467625329658414,0.691864385203695,-0.5310180697437402,0.2167897255951102
58804408,20260207,32.35294117647059,13.15,1.0830477099999998,0.0,3.7412940931291017,0.0,4.052,0.0,1005,0,0.003298326222513948,0.0,0.12524363636363636,0.0,-0.7154909434882814,-1.0
58963446,20260207,1893.68373,9.9,161.07246772000005,7.753341771400001,9.923410081346454,3.296681284217832,1598.3881499999998,25.5603000046,695806,19,0.06913262061839281,0.000170931805466,0.8440628837213486,0.0134976605602418,0.0023646546814599274,-0.6670018776518651
59168672,20260207,114.30078,2.51,41.728572589999985,19.490094992361897,1.6602583242112292,5.864557121462825,69.28021000000001,114.30078125000004,9493,63,0.005189700415482178,0.4772727272727273,0.606121935475856,1.0000000000000002,-0.33854250031425126,1.3364769496992852
59180301,20260207,127.4666,11.1,19.235940279999994,0.0,6.929982005537815,0.0,133.30472,0.0,3447,0,0.0012346872985170858,0.0,1.0458011745822042,0.0,-0.375677296798395,-1.0
59183637,20260207,42.81511,27.0,3.814563589999999,0.0,12.195476337569723,0.0,46.52042,0.0,6777,0,0.01574581784386617,0.0,1.0865421109510172,0.0,-0.5483156912011213,-1.0
59191554,20260207,38.46153846153846,2.13,19.65786732,7.060269593395303,1.1910707107163443,5.447601435863906,23.41391,38.46154022216797,5187,19,0.007145612343297975,0.7432432432432432,0.6087616600000001,1.0,-0.44081187290312474,1.5575592221476438
59250609,20260207,59.70149253731344,6.1,4.1823460699999995,0.0,3.2753626244037726,0.0,13.698700000000002,0.0,21619,0,0.01802334305960817,0.0,0.229453225,0.0,-0.46305530747479134,-1.0
59262247,20260207,107.01659,1.61,75.86964482,9.594071788713476,0.6698374576626889,11.154448028537564,50.82033,107.0165863037109,987523,59,0.02368569633126103,0.8082191780821918,0.47488272612685567,0.9999999999999996,-0.5839518896505038,5.928228527595317
59265523,20260207,41.27358490566038,3.61,2.889063029999999,0.0,4.352888763385685,0.0,12.575769999999999,0.0,25608,0,0.003269913425441173,0.0,0.3046929417142857,0.0,0.20578636104866635,-1.0
59289693,20260207,12.224938875305623,8.5,0.5073364399999993,0.0,9.40238000645096,0.0,4.77017,0.0,3439,0,0.011097128105840594,0.0,0.39019990600000004,0.0,0.10616235370011291,-1.0
59335998,20260207,1000.0,22.43,3.7110197099999986,0.0,12.892259739574387,0.0,47.84343,0.0,26442,0,0.005514034282854402,0.0,0.04784343,0.0,-0.42522248151696895,-1.0
59469459,20260207,28.457570000000004,1.45,9.77569584,2.673414304486199,1.0808499131863334,10.64464958907074,10.56606,28.45756912231445,28262,53,0.010530983343890897,0.6162790697674418,0.37129171605305716,0.999999932975705,-0.2545862667680459,6.341137406219331
59764696,20260207,91.22524,4.15,9.140238239999999,17.007059092565303,1.7727765485465075,5.363963090518244,16.2036,91.22524261474608,219836,57,0.026650018184022305,0.95,0.17762189499309622,1.0,-0.5728249280610826,0.2925211969286305
59789974,20260207,7.079646017699115,270.0,0.048692969999999405,0.0,121.2910200384177,0.0,5.90602,0.0,1389,0,0.0012187417741510924,0.0,0.8342253249999999,0.0,-0.5507739998577122,-1.0
59790006,20260207,10.658120000000002,1.49,13.266189650000001,1.7961866130631283,0.7818567556811612,5.933745493967999,10.37226,10.658120155334473,2973,11,0.0012820733968692051,0.8571428571428572,0.9731791347817438,0.9999999105213474,-0.4752639223616368,2.9823795006638045
59870194,20260207,41.35039,1.2,3.6109786800000006,16.425347967435236,1.7014611673088027,2.5174741474242284,6.143940000000001,41.35039138793945,4932,34,0.030844277673545965,0.0652615144418423,0.1485823954743837,1.0,0.41788430609066896,1.0978950394906646
60033250,20260207,48.95666000000001,1.24,42.918783,15.56789453166083,1.1454211085155888,3.144719279802516,49.16008000000001,48.95666122436524,7396,43,0.014157733537519143,0.8430769230769231,1.0041551037182683,1.0000000000000002,-0.0762732995842026,1.5360639158199398
60083626,20260207,1000.0,36.35,1.2863628299999987,0.0,26.165386013213734,0.0,33.65818,0.0,487559,0,0.04779568469448774,0.0,0.03365818,0.0,-0.2801819528689482,-1.0
60222062,20260207,4.57056,2.5,3.512663129999998,0.0,0.9781638240954807,0.0,3.4359599999999992,0.0,4250,0,0.004315597075548335,0.0,0.7517590842260027,0.0,-0.6087344703618077,-1.0
60280132,20260207,5.154639175257732,2.4,1.06686943,0.0,0.0,0.0,0.0,0.0,5581,0,0.010383255813953489,0.0,0.0,0.0,-1.0,-1.0
60300280,20260207,125.0,6.5,24.164395879999994,0.8421623411787229,4.042689520777707,148.4272633204924,97.68914999999998,125.0,24478,5,0.6244387755102041,1.0,0.7815131999999999,1.0,-0.3780477660341989,21.834963587768065
60363119,20260207,139.53488372093022,8.1,17.93302123,2.3941067926,3.403725407846405,11.01741119657554,61.03908,26.37687,2481,7,0.006539272535582499,0.0063405797101449,0.43744674,0.1890342378844335,-0.579786986685629,0.3601741577420095
60491784,20260207,521.94218,19.24,26.77029479,11.6939342116,19.48326135709318,2.7303733589391856,521.57265,31.928809162913502,11239,22,0.009902202643171806,0.0026494279658297,0.9992920097011511,0.0611730746830497,0.012643521678439818,-0.8580887010696411
60504423,20260207,65.78731,2.35,8.57009342,14.005265862696367,1.523455971848671,4.6973262547738495,13.05616,65.78730773925783,3657,45,0.005028877887788779,0.5255451713395638,0.1984601589577078,1.0000000000000002,-0.3517208630431187,0.9988623171915808
60505342,20260207,1287.7824600000004,483.0,2.494942609999998,0.0,425.03862243147984,0.0,1060.44697,0.0,472777,0,0.04588063467417148,0.0,0.8234674744676983,0.0,-0.1200028521087374,-1.0
60537191,20260207,62.5,9.0,0.7605926099999993,0.0,3.653309226867196,0.0,2.77868,0.0,2857,0,0.25508928571428574,0.0,0.04445888,0.0,-0.5940767525703117,-1.0
60547769,20260207,21.234762092017306,54.68,0.0717451299999981,0.0,8.100201365584192,0.0,0.58115,0.0,569049,0,0.03380315072887336,0.0,0.027367860185185184,0.0,-0.8518617160646637,-1.0
60580455,20260207,27.1370420624152,15.0,0.16572462999999932,0.0,6.578744511301694,0.0,1.0902599999999996,0.0,1484,0,0.005051055139550714,0.0,0.040176080999999975,0.0,-0.5614170325798872,-1.0
60619154,20260207,346.15384615384613,8.8,0.7949493999999991,0.0,3.9788192808246707,0.0,3.16296,0.0,2190,0,0.0075647668393782385,0.0,0.00913744,0.0,-0.5478614453608329,-1.0
60656113,20260207,304.366,3.0,115.27257251999998,44.17975789523408,1.6945611235153861,6.889263430255767,195.33642,304.36599731445307,46205,157,0.008842385271940903,0.6823280423280423,0.6417813421998515,0.9999999999999998,-0.43514629216153794,1.2964211434185888
60726038,20260207,47.8357,9.0,11.819992299999997,2.5641770607197896,3.9694002169527645,18.65537410274136,46.918279999999996,47.83570098876953,31724,10,0.0001872077460716115,0.0003760812335464,0.980821436709403,1.0,-0.5589555314496928,1.0728193447490402
60739866,20260207,99.7291,1.09,77.94989387999999,25.16297164021105,0.49769112014088107,3.963327565242008,38.794970000000006,99.72910308837896,22631,51,0.014751971840166873,0.9107142857142856,0.38900351050997156,1.0000000000000004,-0.5434026420725862,2.6360802237382908
60762511,20260207,2000.0,33.74,0.6070166399999992,0.0,17.502535021115754,0.0,10.62433,0.0,88047,0,0.00562198298980921,0.0,0.005312165000000001,0.0,-0.4812526668311869,-1.0
60762714,20260207,122.44897959183672,18.6,1.0652595699999985,0.0,7.856141578714014,0.0,8.368829999999999,0.0,1905,0,0.005614500442086649,0.0,0.068345445,0.0,-0.5776267968433327,-1.0
60844239,20260207,194.44444444444449,5.0,21.136006599999998,23.03592223334001,4.264975958135819,8.440922500887789,90.14456,194.44444274902344,35519,65,0.024398268992993542,0.0306009738787408,0.4636005942857142,1.0,-0.14700480837283614,0.6881845001775577
60848391,20260207,41.73037999999999,16.0,3.2187120799999978,0.0,6.117872462826813,0.0,19.69167,0.0,17991,0,0.0030296039337195206,0.0,0.4718785211157915,0.0,-0.6176329710733242,-1.0
60882731,20260207,92.20477000000002,37.0,2.940335039999998,0.0,22.973970340468426,0.0,67.55117,0.0,305221,0,0.08228755526798232,0.0,0.7326212082086424,0.0,-0.3790818826900425,-1.0
60906649,20260207,4.077471967380224,52.0,0.2873187599999986,0.0,10.01208553176275,0.0,2.87666,0.0,684928,0,0.00945419410051486,0.0,0.7055008650000001,0.0,-0.8074598936199471,-1.0
61011193,20260207,1128.4313299999994,3.5,79.66752448,156.9120911749755,2.3493236575586893,7.191487021635842,187.1648,1128.4312744140632,34621,469,0.0036072183960740595,0.6424657534246575,0.16586281772236872,1.0000000000000009,-0.32876466926894593,1.0547105776102406
61012951,20260207,119.05549000000002,2.3,25.964335379999998,24.02900257435772,1.5891668088597923,4.954657741758147,41.26166,119.05548858642568,7512,79,0.002485277575597168,0.9080459770114944,0.3465750298453267,0.9999999999999992,-0.3090579091913946,1.1541990628166798
61087629,20260207,57.142857142857146,1.67,0.5514060199999995,0.0,0.4873722633641182,0.0,0.26874,0.0,5071,0,0.0024530766253869967,0.0,0.004702949999999999,0.0,-0.7081603213388513,-1.0
61098328,20260207,175.43859649122808,52.0,0.2929606599999988,0.0,13.9853931241144,0.0,4.09717,0.0,12796,0,0.3797032640949555,0.0,0.023353869,0.0,-0.7310501322285692,-1.0
61112285,20260207,131.01449000000002,1.96,36.45122326,29.031626291600634,1.0054381368379899,4.512819572036673,36.64945,131.01449584960938,5231,65,0.000506928965985076,0.9123809523809524,0.279735852118342,1.0,-0.4870213587561276,1.302458920512671
61136703,20260207,28.116213683224,52.0,0.1347540599999996,0.0,16.376129965954323,0.0,2.20675,0.0,5691,0,0.47425,0.0,0.07848674166666665,0.0,-0.6850744237316477,-1.0
61185244,20260207,445.2629400000001,1.3,301.10735144999995,159.71770973254564,0.7926854952248961,2.7878119302544806,238.68343000000004,445.2629394531248,13593,94,0.007295121558525197,0.912621359223301,0.5360505188237763,0.9999999999999996,-0.39024192675007996,1.1444707942390897
61185698,20260207,7.1040600000000005,52.0,0.42989980999999794,0.0,16.52492007381914,0.0,7.1040600000000005,0.0,1136270,0,0.017067287111402173,0.0,1.0,0.0,-0.6822130755034781,-1.0
61186486,20260207,21.234762092017306,54.68,0.006260219999999799,0.0,8.807997163039282,0.0,0.05514,0.0,209741,0,0.01405591781207487,0.0,0.002596685555555555,0.0,-0.8389173891177892,-1.0
61188825,20260207,23.36448598130841,52.0,0.0494918399999988,0.0,0.0,0.0,0.0,0.0,332981,0,0.005326945966007986,0.0,0.0,0.0,-1.0,-1.0
61218808,20260207,804.4937299999997,4.0,165.45907342999993,72.17226890745391,4.1432715401372615,11.146853416284443,685.54187,804.4937133789057,599199,482,0.2709346174715138,0.6136080220024258,0.8521407245771826,0.9999999999999992,0.03581788503431538,1.786713354071111
61325277,20260207,159.26296000000002,2.64,114.76722292000011,34.60113813218373,1.382764747306128,4.602824031413985,158.69607000000002,159.2629547119141,8885,45,0.009974180511899416,0.9574468085106383,0.9964405408514321,1.0000000000000002,-0.4762254745052546,0.7434938820129539
61328223,20260207,1666.6666666666667,48.86,9.830470329999999,0.9639216819,19.741280273006026,67.59441521966326,194.06607000000002,65.15579,3080441,22,0.034758816248097284,1.911616784817121e-05,0.11643964200000001,0.0390934749544305,-0.595962335796029,0.3834305029734812
61361730,20260207,372.3404255319149,1.5,75.30825108,104.89053315883817,0.44157166742159853,3.5498000517390884,33.25399,372.3404235839843,6373,73,0.0029048726013036147,0.8692569483834374,0.08931071600000001,1.0,-0.7056188883856009,1.366533367826059
61404169,20260207,8.771929824561404,1.68,1.3943859299999994,0.0,0.33074774356049347,0.0,0.46119,0.0,6830,0,0.015572275421796625,0.0,0.052575659999999996,0.0,-0.8031263431187539,-1.0
61471905,20260207,1000.0,28.73,7.482276129999999,0.0,15.36913206650127,0.0,114.99609000000001,0.0,207203,0,0.011154639175257731,0.0,0.11499609000000001,0.0,-0.46504935375909257,-1.0
61521770,20260207,101.2775,3.79,34.56488058000001,24.6554123133,4.1200177061337895,3.947702671343804,142.40792,97.332241,5436,33,0.5490909090909091,0.2931631235979062,1.406116067240996,0.9610450941171756,0.08707591190865156,0.0416102140047704
61619011,20260207,162.85718,1.46,52.408485999999996,38.49694692994324,0.7158806304765225,4.230391926932559,37.51822,162.85717773437494,4171,44,0.008682348043297252,0.9166666666666666,0.23037498254605662,0.9999999999999996,-0.5096708010434777,1.897528641370283
61630077,20260207,1000.0,30.15,0.45239702999999837,0.0,12.688986928141459,0.0,5.740459999999999,0.0,8913,0,0.0014324515444698017,0.0,0.0057404599999999984,0.0,-0.5791380786686082,-1.0
61642024,20260207,20.98801,12.13,2.5296678399999997,0.0,7.168751451573975,0.0,18.13456,0.0,191357,0,0.02518949017336475,0.0,0.8640438040576501,0.0,-0.40900647555037306,-1.0
61652353,20260207,1000.0,2.76,53.638024000000044,163.6664712369025,0.8649744442487286,6.1099868918328495,46.395520000000005,999.9999999999992,1590250,2170,0.07337606009431263,0.7793311244443928,0.04639552,0.9999999999999992,-0.6866034622287215,1.213763374255414
61709401,20260207,15.873015873015872,8.1,1.6325031599999984,0.0,2.87170041373764,0.0,4.68806,0.0,2118,0,0.005498442367601246,0.0,0.29534778000000006,0.0,-0.6454690847237481,-1.0
61709841,20260207,197.8021978021978,3.6,0.3534913699999999,0.0,3.192298584262468,0.0,1.12845,0.0,9560,0,0.0032396895862279304,0.0,0.005704941666666666,0.0,-0.11325039326042563,-1.0
61777401,20260207,4432.506930000003,300.0,11.881192509999998,1.7937463441,227.87231228862566,418.10790269144456,2707.39481,749.9799399999999,694307,7,0.013002977751142408,4.631653566607631e-05,0.6108044167231562,0.1691999511245818,-0.24042562570458112,0.3936930089714819
61795733,20260207,47.716910000000006,13.34,2.913293729999999,0.0,3.5670965453936576,0.0,10.392,0.0,177887,0,0.006695107584955795,0.0,0.21778442904203138,0.0,-0.7326014583662926,-1.0
61831943,20260207,104.30993,5.6,47.090962860000005,9.495168221909095,1.9429874532830904,10.98557871442237,91.49715,104.30992889404295,9182,25,0.0035209755349336607,0.3424657534246575,0.8771662486975115,1.0,-0.6530379547708767,0.9617105181260116
61861065,20260207,125.0,2.8,12.378150309999999,3.791400945651176,1.112624233434438,32.96933477163449,13.77223,124.99999999999996,251668,55,0.031950538289660775,0.2401746724890829,0.11017784,0.9999999999999998,-0.6026342023448436,10.774762618963903
61869045,20260207,593.0689100000001,13.49,11.021867570000008,0.0,13.759977520760566,0.0,151.66065,0.0,185192,0,0.012635744599555137,0.0,0.255721801367062,0.0,0.020013159433696526,-1.0
61879187,20260207,66.1471,54.0,1.5291670999999987,0.0,43.25694686996604,0.0,66.1471,0.0,840301,0,0.011986183739433828,0.0,1.0,0.0,-0.19894542833396217,-1.0
61894872,20260207,59.70149253731344,5.1,1.1046315399999997,0.0,8.226643610049376,0.0,9.087409999999998,0.0,5999,0,0.004337358108596631,0.0,0.15221411749999994,0.0,0.6130673745194856,-1.0
61914746,20260207,20.83333333333333,11.0,0.3186287699999997,0.0,2.3789753825431417,0.0,0.75801,0.0,17018,0,0.002918138482115299,0.0,0.036384480000000004,0.0,-0.7837295106778961,-1.0
61917856,20260207,183.66036000000005,3.5,39.25839492,23.47184362075731,1.1879578901541092,7.824709032533294,46.63732,183.66035461425773,11011,40,0.005503023639362287,0.6153846153846154,0.25393242178116165,0.9999999999999996,-0.6605834599559687,1.2356311521523695
61992618,20260207,83.12442,4.0,9.788109599999999,11.8821672026326,3.4120040911679212,6.995728283630821,33.39707,83.12442016601567,4399,26,0.04470528455284553,0.4715007215007215,0.40177206649983244,1.0000000000000004,-0.1469989772080197,0.7489320709077052
62110977,20260207,118.0,9.1,6.754455839999997,0.0,3.73756533435268,0.0,25.24522,0.0,438721,0,0.03988590286742913,0.0,0.21394254237288135,0.0,-0.5892785346865187,-1.0
62112649,20260207,170.84410000000003,9.0,18.034290420000005,15.274494883713714,3.997236282723675,11.1849256599237,72.08732,170.84410095214844,78439,62,0.036973367900070706,0.0629441624365482,0.4219479630844729,1.0,-0.555862635252925,0.2427695177692999
62164374,20260207,8.309009999999999,2.51,5.170598479999997,0.0,1.577384132909892,0.0,8.156020000000002,0.0,47991,0,0.09854414784394251,0.0,0.9815874574708663,0.0,-0.3715601064104015,-1.0
62243266,20260207,1.32579105532968,26.0,0.0029903999999998996,0.0,0.0,0.0,0.0,0.0,1780,0,0.016808309726156753,0.0,0.0,0.0,-1.0,-1.0
62326550,20260207,40.32258064516129,2.3,0.6950244499999997,0.0,4.5268767163514925,0.0,3.1462900000000005,0.0,8543,0,0.009443953128454566,0.0,0.07802799200000002,0.0,0.9682072679789099,-1.0
62326559,20260207,40.32258064516129,2.3,0.8333575799999995,0.0,0.0,0.0,0.0,0.0,6016,0,0.01201517874975035,0.0,0.0,0.0,-1.0,-1.0
62338437,20260207,151.5151515151515,52.0,0.869796189999997,0.0,13.602577403793918,0.0,11.83147,0.0,841481,0,0.02165416881111683,0.0,0.07808770200000001,0.0,-0.7384119730039631,-1.0
62367731,20260207,72.79249000000002,15.0,2.2769717699999985,0.0,11.811376124351344,0.0,26.894170000000003,0.0,33383,0,0.008282184235988786,0.0,0.3694635257016211,0.0,-0.2125749250432437,-1.0
62465463,20260207,469.2045099999999,4.78,106.12060824999999,25.733116595160425,4.069732798577321,18.233488288230507,431.88252,469.204498291016,4881766,372,0.08436022610039037,0.3105175292153589,0.920456881371409,1.0000000000000009,-0.14859146473277812,2.814537131361667
62516634,20260207,17.806910000000002,12.0,1.0020338499999992,0.0,10.48906681146551,0.0,10.5104,0.0,74440,0,0.0067361638976363705,0.0,0.5902427765401184,0.0,-0.1259110990445409,-1.0
62537183,20260207,1000.0,19.0,5.247883999999996,0.0,16.335054280925426,0.0,85.72447,0.0,58807,0,0.001917755058781327,0.0,0.08572447,0.0,-0.14026030100392492,-1.0
62543564,20260207,1000.0,32.62,0.4121149299999988,0.0,32.585885689703204,0.0,13.42913,0.0,2011,0,0.0027315946753599567,0.0,0.013429130000000001,0.0,-0.00104580963509483,-1.0
62658588,20260207,4.545454545454546,2.01,0.2017653299999995,0.0,0.0,0.0,0.0,0.0,10142,0,0.011223992917220009,0.0,0.0,0.0,-1.0,-1.0
62665519,20260207,354.54545454545456,2.61,25.28079539,58.19124132133808,1.5743673957245692,6.092762871704845,39.80126,354.54544067382824,15789,539,0.008859772178890073,0.6156164324815729,0.1122599641025641,1.0000000000000002,-0.3967941012549543,1.334391998694372
62676303,20260207,416.91595,2.04,56.357969910000016,90.60035179398652,1.4724080752467967,4.601703434178193,82.98193,416.9159545898437,6661,120,0.005170780934637478,0.8780172413793104,0.19903755181350102,0.9999999999999998,-0.27823133566333497,1.255737019719476
62681129,20260207,48.53814999999999,48.0,2.193455649999998,0.0,14.018943122921144,0.0,30.74993,0.0,8052,0,0.004581768521679754,0.0,0.6335208490640869,0.0,-0.7079386849391428,-1.0
62693338,20260207,49.58663000000001,1.83,5.146988039999998,4.7438593273,1.5020648853110607,5.620656629908784,7.731109999999999,26.66361,62999,42,0.07116118829775217,0.0911967418546365,0.15591118009027832,0.5377177082936183,-0.1791995162234641,2.071396993496571
62695450,20260207,4.3478260869565215,2.44,0.3593056899999997,0.0,1.0693401487741547,0.0,0.38422,0.0,5850,0,0.2611607142857143,0.0,0.08837060000000001,0.0,-0.56174584066633,-1.0
62699077,20260207,44.67285000000001,60.0,1.0580723799999983,0.0,34.75645021562708,0.0,36.77484,0.0,3010,0,0.0035927428980663642,0.0,0.8232033550579376,0.0,-0.4207258297395486,-1.0
62708257,20260207,392.89094,1.85,310.1368070499999,83.51250828385098,1.2143733070008726,4.704575800020356,376.62185999999997,392.8909301757806,27589,157,0.001176899680489376,0.940119760479042,0.9585913587114021,0.9999999999999984,-0.34358199621574453,1.543013913183881
62715156,20260207,100.03554,1.47,80.51573367,20.191754905203386,0.9892120008052085,4.954276299167598,79.64713,100.03553771972652,9468,36,0.004812932086213908,0.972972972972973,0.7961883346658598,0.9999999999999996,-0.3270666661189057,2.3702559202338795
62719771,20260207,19.466780000000004,160.0,0.13359869999999863,0.0,88.12675572442039,0.0,11.773620000000001,0.0,3794,0,0.013492176386913229,0.0,0.6048057254461189,0.0,-0.44920777672237255,-1.0
62753184,20260207,165.83097,21.6,9.966304629999998,2.5579570731,16.084771231802094,23.32735654563923,160.30572999999998,59.6704,8657,32,0.019388577827547594,0.0081676031553081,0.9666814950186927,0.3598266504157473,-0.25533466519434755,0.0799701913733007
62759058,20260207,1000.0,31.5,32.574883729999996,16.7775261782,15.366511025763225,29.009925588582345,500.56231,486.71481499999993,4262135,278,0.06937102557466915,0.0004916627399848,0.5005623100000001,0.4867148149999999,-0.5121742531503739,-0.0790499813148462
62766768,20260207,34.31616,50.63,0.9474606899999991,0.0,23.51535027801525,0.0,22.279870000000003,0.0,8028,0,0.023577092511013215,0.0,0.6492530049982282,0.0,-0.5355451258539354,-1.0
62782340,20260207,292.4077699999999,25.0,8.833024349999995,3.3479454037999994,11.462082067055556,42.978788381044765,101.24485000000001,143.89068000000003,2683616,172,0.043072863583616484,0.000190568007145,0.3462454161187305,0.492089102512749,-0.5415167173177777,0.7191515352417907
62824285,20260207,288.6240099999998,10.0,43.15919143000001,21.195327965854418,6.145476344944583,13.617341061441982,265.23379,288.6240234375,76092,77,0.004326629479896969,0.0008489599649856,0.9189595487915234,1.0,-0.38545236550554174,0.3617341061441982
62854671,20260207,363.6363636363636,57.4,2.284162339999999,0.0,17.06687362685439,0.0,38.983509999999995,0.0,6537,0,0.0011314190767952646,0.0,0.1072046525,0.0,-0.7026677068492265,-1.0
62863799,20260207,26.5748031496063,65.54,0.30854336999999954,0.0,27.733702396522126,0.0,8.55705,0.0,6960,0,0.0034383954154727794,0.0,0.3219986222222222,0.0,-0.5768431126560555,-1.0
62867831,20260207,23.834820000000004,2.71,5.408050499999998,0.0,1.1625594102717793,0.0,6.287179999999999,0.0,12435,0,0.013547227366815557,0.0,0.2637813081869298,0.0,-0.5710112877225907,-1.0
62868116,20260207,1000.0,16.0,12.598702109999998,0.5019547437,11.973630194832825,10.019588505806354,150.8522,5.029390000000001,280295,45,0.013983078327588013,0.0001673519185195,0.15085220000000002,0.00502939,-0.2516481128229484,-0.3737757183871029
62875385,20260207,15.734370000000002,6.34,10.746493319999997,0.3420426394300404,1.2864261474272245,46.00106073554579,13.82457,15.734370231628414,175064,16,0.032017264713413075,0.5714285714285714,0.8786224043288672,0.999999939389105,-0.7970936675982295,6.255687638551375
62904543,20260207,1000.0,299.26,0.0049137499999999,0.0,0.0,0.0,0.0,0.0,5909,0,0.045003808073115006,0.0,0.0,0.0,-1.0,-1.0
62941923,20260207,1000000.0,41.96,1.279913989999998,0.0,7.1795996229403,0.0,9.18927,0.0,17538,0,0.07611979166666667,0.0,9.18927e-06,0.0,-0.8288941939242064,-1.0
62957523,20260207,1233.7502500000005,4.1,419.77348746999985,204.36465237164535,2.471231201980418,6.037004069862315,1037.3573399999998,1233.7502441406243,68128,288,0.007876160418039515,0.3354585815056992,0.8408163159440084,0.9999999999999994,-0.3972606824438004,0.4724400512890587
62974470,20260207,256.19916000000006,9.0,43.75084866,21.75732285746781,4.557627248549926,11.775306530950408,199.40006,256.1991577148438,205148,33,0.02219039686746206,0.1264367816091954,0.7783009905262763,1.0000000000000002,-0.4935969723833416,0.308367392327823
62987009,20260207,225.48274,23.0,5.1095899299999985,0.0,23.910811175408757,0.0,122.17444,0.0,27461,0,0.0008659306839215834,0.0,0.5418349981022937,0.0,0.03960048588733724,-1.0
62991598,20260207,53.40617000000002,7.91,10.574299029999999,4.529049911969084,3.636666590466187,11.791912020732427,38.455200000000005,53.4061698913574,16144,20,0.003839421613394216,0.0112890298794178,0.7200516344834312,0.9999999999999996,-0.5402444259840472,0.4907600819474543
63007107,20260207,10.31706,3.0,1.3720628999999993,0.0,1.721641187149657,0.0,2.3622,0.0,4996,0,0.004669158878504673,0.0,0.22896057597804026,0.0,-0.42611960428344764,-1.0
63017961,20260207,35.714285714285715,1.45,5.081967689999999,9.561399026935902,0.5707789141807788,3.7352570443226623,2.90068,35.71428680419922,3460,25,0.008777270421106037,0.0230342275670675,0.08121903999999999,1.0,-0.6063593695304974,1.5760392561983023
63024390,20260207,1000.0,84.69,2.7926086299999984,0.0,34.97746477994665,0.0,97.67837,0.0,5840,0,0.008940600122473974,0.0,0.09767837,0.0,-0.5869941577524306,-1.0
63029536,20260207,1000.0,14.88,0.013316019999999897,0.0,7.059917302617503,0.0,0.09401,0.0,4213,0,0.023483835005574136,0.0,9.401e-05,0.0,-0.5255431920283936,-1.0
63038827,20260207,0.206347241137386,26.0,0.0021923399999999,0.0,0.0,0.0,0.0,0.0,1267,0,0.0018668041844703109,0.0,0.0,0.0,-1.0,-1.0
63038979,20260207,1000.0,2.25,255.66614177999998,211.07226168253652,1.6327005097108018,4.737713934038085,417.42624000000006,1000.0000000000005,23412,303,0.0043872273442770405,0.7911227154046997,0.41742624000000006,1.0000000000000004,-0.27435532901742143,1.10565063735026
63041128,20260207,86.78675999999997,10.0,5.560731969999999,0.0,4.811032098711279,0.0,26.752860000000002,0.0,646006,0,0.012517385634592617,0.0,0.3082596930683898,0.0,-0.5188967901288721,-1.0
63049540,20260207,42.85714285714285,2.7,1.63084324,0.0,0.8899874398719032,0.0,1.4514299999999998,0.0,1052,0,0.013715775749674055,0.0,0.0338667,0.0,-0.6703750222696655,-1.0
63050276,20260207,4.545454545454546,2.32,0.0025585199999999995,0.0,0.0,0.0,0.0,0.0,3088,0,0.013304610081861267,0.0,0.0,0.0,-1.0,-1.0
63053963,20260207,24.875621890547265,6.0,3.1709264699999995,0.0,4.788862228016281,0.0,15.18513,0.0,10146,0,0.005146596327483007,0.0,0.610442226,0.0,-0.20185629533061977,-1.0
63099926,20260207,1000.0,55.51,2.9197034499999988,0.0,16.960105999806252,0.0,49.51848,0.0,226734,0,0.03606222066705899,0.0,0.04951848,0.0,-0.6944675553989146,-1.0
63115257,20260207,1000.0,9.5,0.0012530799999999,0.0,0.0,0.0,0.0,0.0,2395,0,0.0025427327741798494,0.0,0.0,0.0,-1.0,-1.0
63116306,20260207,1000.0,24.5,1.437166389999999,0.0,8.31511930918452,0.0,11.950210000000002,0.0,7103,0,0.0011041676382346998,0.0,0.011950210000000003,0.0,-0.6606073751353256,-1.0
63117307,20260207,44.70852000000001,22.1,2.0507180199999993,0.0,14.176146947789542,0.0,29.07128,0.0,2705,0,0.01020754716981132,0.0,0.6502402674031705,0.0,-0.3585453869778488,-1.0
63118770,20260207,299.31642000000005,5.2,17.39955433,14.43667580594428,4.548526272511716,20.73305444690408,79.14233,299.31640625,126908,153,0.006458323791494277,0.2870544090056285,0.2644102518665698,1.0,-0.1252834091323623,2.987126001420771
63118785,20260207,70.0,9.0,7.83276084,4.767880326269307,6.856636005753496,14.681573472545391,53.70639,70.0,22254,21,0.010747090355918289,0.0148237044522385,0.7672341428571429,1.0,-0.23815155491627818,0.6312859413939326
63119851,20260207,20.0,2.42,0.5738863799999998,0.0,0.1583588723607625,0.0,0.09088,0.0,1674,0,0.013212312549329124,0.0,0.004544,0.0,-0.9345624494377014,-1.0
63120136,20260207,305.25518000000005,25.0,15.297062569999998,0.0,14.424013041086754,0.0,220.64503000000002,0.0,27467,0,0.0039039470130903817,0.0,0.7228215750507493,0.0,-0.42303947835652983,-1.0
63125663,20260207,470.4109,20.0,5.02379563,0.0,10.15245717708465,0.0,51.00387,0.0,27821,0,0.008420654378159146,0.0,0.10842408201000443,0.0,-0.4923771411457675,-1.0
63129888,20260207,2000.0,12.0,0.38690968999999886,0.0,7.344840600916479,0.0,2.84179,0.0,56786,0,0.022986560880829017,0.0,0.001420895,0.0,-0.3879299499236268,-1.0
63136165,20260207,6.385696040868455,52.0,0.0732189399999996,0.0,3.570797392040932,0.0,0.26145,0.0,30719,0,0.005860167874856925,0.0,0.040943070000000005,0.0,-0.9313308193838282,-1.0
63140934,20260207,114.94252873563218,11.5,0.0972153599999998,0.0,4.004614085675358,0.0,0.38931,0.0,2265,0,0.0013238646326494828,0.0,0.003386997,0.0,-0.6517726882021428,-1.0
63154710,20260207,1000.0,23.61,0.0218982999999998,0.0,9.924971344807675,0.0,0.21733999999999992,0.0,1561,0,0.01018929503916449,0.0,0.00021733999999999992,0.0,-0.579628490266511,-1.0
63156076,20260207,1000.0,9.0,1.9238692299999978,0.0,2.616685126774446,0.0,5.03416,0.0,424013,0,0.050271266820795545,0.0,0.00503416,0.0,-0.7092572081361728,-1.0
63161144,20260207,60.10060000000001,32.0,3.0264052499999985,0.0,18.78458279835459,0.0,56.849759999999996,0.0,182407,0,0.00641853280222951,0.0,0.9459100241927699,0.0,-0.412981787551419,-1.0
63163299,20260207,309.54889000000003,3.72,99.73916304,42.84573874276678,2.0701145237923786,7.22472971685392,206.47149000000002,309.54888916015614,54211,171,0.007639656144306652,0.9827586206896552,0.667007689803055,0.9999999999999996,-0.4435176011310811,0.9421316293787872
63196383,20260207,1000.0,8.0,1.4307406499999988,0.0,2.846455784981019,0.0,4.07254,0.0,137689,0,0.013906575093424906,0.0,0.00407254,0.0,-0.6441930268773726,-1.0
63204884,20260207,184.27386,3.4,78.66949489,11.834553977643951,2.3226391659879133,15.57083177983424,182.72084999999998,184.27386474609392,306129,94,0.023265617875056998,0.5875,0.9915722718349742,1.0000000000000009,-0.31687083353296663,3.5796562773777008
63205388,20260207,51.54639175257732,14.5,0.08118716999999921,0.0,5.323378065770789,0.0,0.43219,0.0,2201,0,0.008658536585365854,0.0,0.008384486,0.0,-0.6328704782227041,-1.0
63224395,20260207,45.16711833785005,14.0,0.3635722799999984,0.0,5.830257466273307,0.0,2.11972,0.0,24101,0,0.00990221455277538,0.0,0.0469306008,0.0,-0.5835530381233353,-1.0
63234573,20260207,229.51535,15.4,1.8101369199999988,0.0,11.342014945477171,0.0,20.5306,0.0,29614,0,0.006837366087920207,0.0,0.08945196911666256,0.0,-0.2635055230209629,-1.0
63236174,20260207,23.102310231023104,7.91,1.8509005299999988,0.0,3.41908703219184,0.0,6.32839,0.0,2346,0,0.001385133140461711,0.0,0.2739288814285714,0.0,-0.5677513233638635,-1.0
63273998,20260207,11.750881316098708,13.0,0.5521018899999983,0.0,4.917769797890038,0.0,2.71511,0.0,2729,0,0.002720566244641611,0.0,0.231055861,0.0,-0.6217100155469202,-1.0
63281072,20260207,277.77777777777777,34.1,0.1704646299999994,0.0,4.037025158826218,0.0,0.68817,0.0,74545,0,0.0063686458778299876,0.0,0.002477412,0.0,-0.8816121654303162,-1.0
63298743,20260207,6.849315068493151,28.08,0.3764911899999997,0.0,13.412026985279534,0.0,5.04951,0.0,14493,0,0.02115457597431032,0.0,0.7372284599999999,0.0,-0.5223637113504439,-1.0
63299682,20260207,97.50139,69.3,0.524341599999999,0.0,59.81119941656367,0.0,31.3615,0.0,14714,0,0.009649157321791594,0.0,0.32165182465603825,0.0,-0.1369235293425156,-1.0
63316232,20260207,126.52847,36.0,2.6108107399999985,0.0,32.71654995566628,0.0,85.41672,0.0,184079,0,0.08173297220495515,0.0,0.6750790553303933,0.0,-0.09120694567593664,-1.0
63336283,20260207,1000.0,12.0,0.1539623499999997,0.0,7.6086783554550985,0.0,1.1714499999999999,0.0,11296,0,0.061026472177201516,0.0,0.0011714499999999999,0.0,-0.3659434703787418,-1.0
63338096,20260207,44.41921000000001,1.97,64.86024656000001,6.100843212431288,0.6848887007992897,7.280829829435938,44.42205,44.41920852661133,4549,6,0.0015275865542832196,0.5,1.0000639363014334,1.0,-0.652340761015589,2.695852651622713
63350356,20260207,7.170259999999998,1.0,22.22256703,5.652150042281863,0.2762840130805536,1.268589586319763,6.13974,7.170259952545166,1467,4,0.035264423076923075,1.0,0.8562785728829919,0.9999998669958696,-0.7237159869194464,0.2685895863197629
63355127,20260207,1.6891891891891893,1.9,0.2513404999999994,0.0,0.5325444964102495,0.0,0.13385,0.0,2255,0,0.02185077519379845,0.0,0.0792392,0.0,-0.7197134229419739,-1.0
63355311,20260207,1.6891891891891893,1.9,0.41941804999999976,0.0,0.8393534803759644,0.0,0.35204,0.0,7857,0,0.0046269359872799015,0.0,0.20840768,0.0,-0.5582350103284398,-1.0
63359739,20260207,1000.0,3.32,7.14293801,119.38092934282574,1.9924504426715586,8.376547218456974,14.231950000000001,1000.0000000000028,453747,1164,0.002442170631755371,0.0146359076292306,0.014231950000000002,1.0000000000000029,-0.3998643244965185,1.523056441834085
63360454,20260207,1000.0,22.01,0.0619317599999995,0.0,7.273650869925279,0.0,0.45047,0.0,1797,0,0.004085019322573312,0.0,0.00045046999999999996,0.0,-0.6695297196762708,-1.0
63363585,20260207,2928.89804,300.0,2.8451989899999983,0.0,287.7728457228225,0.0,818.77101,0.0,17123,0,0.011131842413210245,0.0,0.27954916791845713,0.0,-0.04075718092392492,-1.0
63381071,20260207,1000.0,19.41,20.43495700999999,36.09315821650001,8.9418617279489,21.923343603523215,182.72656,791.2827312400004,10808951,2458,0.3924533802919178,0.0074601757754502,0.18272656,0.7912827312400005,-0.5393167579624472,0.1294870569742022
63382374,20260207,1000.0,83.45,0.1044110699999986,0.0,13.333260544116811,0.0,1.39214,0.0,262873,0,0.007438103753671332,0.0,0.0013921399999999998,0.0,-0.8402245590878753,-1.0
63400626,20260207,10.53743,3.2,3.917679739999998,0.0,2.6897119466942456,0.0,10.53743,0.0,45662,0,0.013993870671161509,0.0,1.0,0.0,-0.1594650166580483,-1.0
63405128,20260207,1000.0,86.31,0.6356251999999994,0.0,20.628367157249293,0.0,13.111910000000002,0.0,23871,0,0.004416384525725703,0.0,0.013111910000000001,0.0,-0.7609967888164836,-1.0
63412723,20260207,1017.58415,1.26,1235.2938429400003,330.1641611284213,0.7762061921380209,3.082055184065276,958.8427300000001,1017.5841674804692,68367,256,0.0038366396363534333,0.8648648648648649,0.9422736488181347,1.0000000000000004,-0.3839633395729993,1.4460755614229128
63415176,20260207,391.68223000000006,5.0,167.08847776,53.35999813275429,2.359302839339004,7.340371567183098,394.21232,391.6822204589844,61727,224,0.006827830319119518,0.2398622764404706,1.0064595475776368,1.0,-0.5281394321321992,0.4680743134366196
63417588,20260207,250.18294000000003,52.0,7.085179469999998,0.556118358216059,23.712244793708813,449.87273671719817,168.00551000000002,250.18293762207037,524464,44,0.03980419092144109,0.0043328292358353,0.6715306407383334,1.0000000000000002,-0.5439952924286767,7.651398783023041
63418435,20260207,1.7391304347826086,17.27,0.0111358899999997,0.0,88.58384915799515,0.0,0.98646,0.0,2594,0,0.0029215001689379435,0.0,0.5672145000000001,0.0,4.129348532599604,-1.0
63425723,20260207,243.00836,27.5,14.681358509999999,0.0,16.26848086553538,0.0,238.84340000000003,0.0,111832,0,0.021381565110987898,0.0,0.982860836557228,0.0,-0.40841887761689527,-1.0
63426601,20260207,7170.80575,339.26,20.49040154,0.0,129.28927404513905,0.0,2649.1891399999995,0.0,5034386,0,0.02410306742356816,0.0,0.36944092928469013,0.0,-0.6189079937359575,-1.0
63451974,20260207,68.71583000000001,2.5,35.654098270000006,10.417294874807988,1.3379210894288027,6.596321038367464,47.70237,68.71582794189452,10076,45,0.0029741137577850587,0.7758620689655172,0.6941976834158882,0.9999999999999998,-0.46483156422847893,1.6385284153469857
63463364,20260207,117.6470588235294,5.0,4.04439071,0.0,2.421155793822897,0.0,9.7921,0.0,3884,0,0.020792291220556744,0.0,0.08323285,0.0,-0.5157688412354207,-1.0
63464061,20260207,346.15384615384613,6.1,49.97379218,38.87830659040931,3.0249067242189027,8.903521283851333,151.16606000000002,346.15383911132807,5947,49,0.0024273469387755104,0.1436429139336116,0.4367019511111112,1.0,-0.504113651767393,0.4595936759096776
63466342,20260207,80.63901,2.78,8.29725483,8.76103324656342,2.439680402102342,9.204279460497556,20.24265,80.63900756835936,75031,72,0.15825986078886312,0.8817934782608696,0.2510280074122934,0.9999999999999998,-0.12241712154592002,2.3108919263391847
63472525,20260207,1025.55606,1.74,871.8579168499999,331.92194955883684,1.171362145439696,3.0897505529440625,1021.26136,1025.556030273438,87878,429,0.016773811796144303,0.7921051947793952,0.9958123205863559,1.0000000000000004,-0.32680336468982984,0.7757186988560284
63474289,20260207,1000.0,73.77,1.35e-05,0.0,0.0,0.0,0.0,0.0,180632,0,0.23122375832053252,0.0,0.0,0.0,-1.0,-1.0
63494257,20260207,83.03227000000001,11.0,14.871869980000005,6.630072209972125,5.067624992778478,12.523583029819406,75.36506,83.03227233886719,51983,17,0.002313429846774158,0.0003344761636772,0.9076598772983081,1.0,-0.5393068188383201,0.1385075481654005
63494470,20260207,58.7649,10.5,0.40920028999999974,0.0,6.277219402752627,0.0,2.5686400000000003,0.0,1300,0,0.00012331391929578268,0.0,0.04371044620172927,0.0,-0.40216958069022596,-1.0
63510498,20260207,2.93115,8.3,0.1458485999999991,0.0,3.0990355752472274,0.0,0.45199,0.0,1655,0,0.00024791407642644217,0.0,0.1542022755573751,0.0,-0.6266222198497317,-1.0
63520550,20260207,1000.0,25.3,0.8662697799999988,0.0,11.146215905165263,0.0,9.65563,0.0,31832,0,0.007775470822443147,0.0,0.00965563,0.0,-0.559438106515207,-1.0
63523189,20260207,1000.0,18.66,0.5611918599999988,0.0,10.00761130070563,0.0,5.61619,0.0,27816,0,0.027983903420523138,0.0,0.005616189999999999,0.0,-0.4636864254712953,-1.0
63533300,20260207,2094.1917699999995,3.61,88.02355833999997,275.62039152369897,2.606760443763265,7.5981012551912785,229.45632999999998,2094.19165039063,889339,998,0.07179963508364012,0.9813176007866272,0.10956796473323932,1.0000000000000024,-0.27790569424840295,1.1047372509659288
63533738,20260207,74.38692,3.79,7.22517268,0.0,3.456444725415199,0.0,24.973409999999998,0.0,2051,0,0.1289937106918239,0.0,0.335723135196349,0.0,-0.08800930727831165,-1.0
63535808,20260207,9.097779999999998,3.82,2.5308014499999993,0.0,2.793494527198095,0.0,7.069780000000001,0.0,1234,0,0.003295060080106809,0.0,0.7770884765294392,0.0,-0.26871871015756676,-1.0
63536636,20260207,208.86075949367088,5.6,1.6327292399999997,0.0,5.438880974533169,0.0,8.88022,0.0,5207,0,0.0026184250226289852,0.0,0.04251741696969697,0.0,-0.028771254547648333,-1.0
63541909,20260207,312.5,26.0,23.84098275999999,6.3377103935,10.391828746911944,38.09436325037037,247.75140999999996,241.43108,6515232,157,0.08059416130628402,0.0001562303534816,0.7928045119999999,0.772579456,-0.6003142789649252,0.4651678173219373
63543019,20260207,7.1144300000000005,2.32,3.098336459999999,0.0,2.2962096246964743,0.0,7.1144300000000005,0.0,98680,0,0.49538152610441766,0.0,1.0,0.0,-0.010254472113588608,-1.0
63548375,20260207,1000.0,18.08,0.18686605999999947,0.0,13.590536451616773,0.0,2.5396099999999997,0.0,2795,0,0.008013188073394495,0.0,0.00253961,0.0,-0.24831103696809878,-1.0
63552128,20260207,86.28540000000001,4.15,12.18227423,16.55042653791104,3.2091774706339042,5.213484678445702,39.095079999999996,86.28540039062503,92113,39,0.011114288472212167,0.951219512195122,0.45309032582569,1.0000000000000002,-0.2267042239436376,0.2562613394311528
63558513,20260207,1000.0,30.39,0.0284800699999999,0.0,24.025924093585534,0.0,0.6842600000000001,0.0,3497,0,0.053389312977099236,0.0,0.0006842600000000001,0.0,-0.20941348820054184,-1.0
63563441,20260207,32.60413000000001,2.5,19.86996271,4.765602360348677,1.4766222980999242,6.841553382838448,29.340429999999998,32.604129791259766,2810,17,0.0009405857740585774,0.8666666666666667,0.8998991845511592,1.0,-0.40935108076003035,1.7366213531353794
63577520,20260207,151.5151515151515,52.0,0.1348435899999989,0.0,12.359949775884887,0.0,1.66666,0.0,118256,0,0.008404056483764827,0.0,0.010999956000000002,0.0,-0.7623086581560599,-1.0
63592988,20260207,70.92198581560284,1.65,32.41290016,5.045290997572675,1.3753918896469397,14.05706339197791,44.580439999999996,70.92198944091795,57186,20,0.006098929226568833,0.9523809523809524,0.6285842039999999,0.9999999999999998,-0.16642915778973347,7.519432481876976
63599957,20260207,1000.0,36.05,0.07052639999999971,0.0,18.042179949635955,0.0,1.27245,0.0,1402,0,0.0015661304736371761,0.0,0.00127245,0.0,-0.49952344106418983,-1.0
63604272,20260207,70.0,8.5,13.107625269999993,6.159786346390548,4.387274492170468,11.364028669109484,57.50675000000001,70.00000000000003,26513,19,0.0016779954937849674,0.0101441537640149,0.8215250000000002,1.0000000000000004,-0.4838500597446509,0.3369445493069983
63612668,20260207,2000.0,15.0,0.4373678399999993,0.0,1.6438565761945396,0.0,0.71897,0.0,112188,0,0.07312475557293703,0.0,0.000359485,0.0,-0.8904095615870307,-1.0
63614842,20260207,1000.0,10.01,0.0895118499999998,0.0,11.244991584913086,0.0,1.0065600000000001,0.0,1927,0,0.013135650988411724,0.0,0.00100656,0.0,0.12337578270859999,-1.0
63618506,20260207,7.20164609053498,5.02,0.4629729899999988,0.0,0.31919788668449184,0.0,0.14778,0.0,62768,0,0.008383822193727627,0.0,0.02052030857142857,0.0,-0.9364147636086669,-1.0
63619732,20260207,330.87964000000005,2.2,108.96754836999996,75.90093910867509,1.26041451839998,4.359361533574165,137.34428000000003,330.8796386718747,9613,144,0.004368949688678817,0.9113924050632912,0.41508833846651916,0.9999999999999992,-0.42708430981819095,0.9815279268579776
63623744,20260207,91.2677,25.0,0.8465259399999996,0.0,23.216075339640522,0.0,19.653010000000002,0.0,5636,0,0.002809431234734061,0.0,0.21533368321980284,0.0,-0.07135698641437913,-1.0
63624433,20260207,1045.55126,38.5,37.189085069999976,18.1031753376,19.284177834708974,17.264685720474798,717.16093,312.5456500109999,495721,674,0.28145176858002613,0.0359601330418669,0.6859165661566895,0.2989290521842347,-0.49911226403353315,-0.5515666046629922
63635613,20260207,1.2315270935960592,6.48,0.04878384999999941,0.0,0.7307746313585425,0.0,0.03565,0.0,13284,0,0.020436923076923078,0.0,0.0289478,0.0,-0.8872261371360274,-1.0
63636525,20260207,1000.0,20.0,3.5062172199999977,0.0,10.43995500084847,0.0,36.604749999999996,0.0,22037,0,0.004973032744341389,0.0,0.03660475,0.0,-0.47800224995757656,-1.0
63638938,20260207,1000.0,36.08,0.10309321999999971,0.0,13.866188290558817,0.0,1.42951,0.0,3419,0,0.005704989154013016,0.0,0.0014295100000000002,0.0,-0.6156821427228709,-1.0
63638951,20260207,2.47032,2.53,7.284128580000001,0.563769341209137,0.24201384978846704,4.381784222712401,1.7628599999999999,2.470319986343384,19284,3,0.008461605967529618,0.0004136789851075,0.7136160497425434,0.9999996139471996,-0.904342351862266,0.7319305423965736
63639183,20260207,1000.0,34.1,0.039602299999999896,0.0,14.820856364403117,0.0,0.58694,0.0,1549,0,0.02073627844712182,0.0,0.00058694,0.0,-0.5653707811025479,-1.0
63639342,20260207,6.451612903225806,2.04,0.6874497099999993,0.0,2.2969971141598142,0.0,1.5790699999999998,0.0,10334,0,0.07397279885468862,0.0,0.24475584999999997,0.0,0.1259789775293207,-1.0
63640115,20260207,4.3478260869565215,2.41,0.1585456099999995,0.0,3.495397948893077,0.0,0.55418,0.0,8107,0,0.009292755616689592,0.0,0.1274614,0.0,0.4503725929016916,-1.0
63645523,20260207,111.24086,12.3,20.94655676999999,4.4876583491,5.061078112457719,15.740653312771292,106.01216,70.63868999999998,924647,160,0.07352940708696482,0.002817352972589,0.9529965877646037,0.6350066873746018,-0.588530234759535,0.2797278917628105
63645835,20260207,62.5,12.3,2.190383879999999,0.0,4.473608525643462,0.0,9.79892,0.0,425060,0,0.03458021477383664,0.0,0.15678272000000001,0.0,-0.6362919897850844,-1.0
63648944,20260207,26.5748031496063,68.0,0.0985532899999986,0.0,154.52239088111838,0.0,15.22869,0.0,2386,0,0.0018899009900990099,0.0,0.5730499644444444,0.0,1.2723881011929175,-1.0
63654752,20260207,1000.0,1.4,0.9703912699999997,0.0,1.638483412984538,0.0,1.5899699999999999,0.0,3670,0,0.005662706372473384,0.0,0.0015899699999999998,0.0,0.17034529498895581,-1.0
63663934,20260207,2.1367521367521367,21.0,0.01623013,0.0,22.84085216815885,0.0,0.37071,0.0,1186,0,0.0030201171377641964,0.0,0.17349228,0.0,0.08765962705518335,-1.0
63670871,20260207,3.5461400000000003,1.3,4.315747939999999,2.5520366542908253,0.4677497453662691,1.3895327718062418,2.01869,3.54613995552063,418402,15,0.08361016745933415,0.0052271295583397,0.569264044848765,0.9999997310669992,-0.6401925035644084,0.0688714021338476
63675427,20260207,1000.0,34.85,0.1049685599999992,0.0,18.840784326278413,0.0,1.97769,0.0,2304,0,0.0032089136490250697,0.0,0.00197769,0.0,-0.4593749117280226,-1.0
63693341,20260207,1000.0,82.32,0.0232848699999989,0.0,38.02168532613845,0.0,0.8853299999999996,0.0,2180,0,0.00798242402050531,0.0,0.0008853299999999996,0.0,-0.5381233560964717,-1.0
63695352,20260207,244.34484,1.0,278.00997194,61.39556353080924,0.812903107118669,3.979845046483893,225.99517,244.3448333740233,56566,535,0.007163245406308964,0.3550602646307747,0.9249025680264007,0.9999999999999994,-0.18709689288133102,2.9798450464838924
63698963,20260207,1000.0,9.5,0.1341763499999994,0.0,1.7842935807987108,0.0,0.23941,0.0,25039,0,0.0066331991098866165,0.0,0.00023941,0.0,-0.81217962307382,-1.0
63701114,20260207,166.66666666666666,34.0,0.10341095999999951,0.0,16.52697160919895,0.0,1.70907,0.0,24190,0,0.0056870812272246385,0.0,0.010254420000000002,0.0,-0.5139125997294427,-1.0
63701115,20260207,166.66666666666666,34.0,1.0170834799999982,0.0,21.73359457180451,0.0,22.10488,0.0,317627,0,0.0073764160539528745,0.0,0.13262928000000002,0.0,-0.36077663024104384,-1.0
63704769,20260207,1000.0,7.57,1.558786249999999,0.0,3.203665672570568,0.0,4.99383,0.0,7522,0,0.006137902896776826,0.0,0.00499383,0.0,-0.576794495036913,-1.0
63708107,20260207,17.33141,5.0,1.7003743199999994,0.0,4.742097022495613,0.0,8.06334,0.0,18142,0,0.015942003514938487,0.0,0.4652443165328152,0.0,-0.05158059550087746,-1.0
63711027,20260207,1000.0,29.95,0.0126712699999998,0.0,238.15844820606355,0.0,3.0177699999999996,0.0,1269,0,0.003895027624309392,0.0,0.0030177699999999995,0.0,6.951868053624827,-1.0
63711593,20260207,132.71462,3.93,7.46426473,0.0,1.8850912325560027,0.0,14.07082,0.0,8992,0,0.0031473573678683932,0.0,0.10602313445195412,0.0,-0.5203330197058518,-1.0
63712035,20260207,59.29753,27.0,3.042648139999999,0.0,19.37017600727241,0.0,58.93663,0.0,50946,0,0.0514034910705277,0.0,0.9939137431188112,0.0,-0.2825860738047256,-1.0
63716161,20260207,41.27358490566038,3.72,0.9929988299999999,0.0,1.2684506385571475,0.0,1.25957,0.0,42793,0,0.0029517095815198274,0.0,0.030517581714285716,0.0,-0.6590186455491539,-1.0
63719668,20260207,1000.0,84.69,0.0002581,0.0,216.1565284773344,0.0,0.055790000000000006,0.0,1498,0,0.5548148148148148,0.0,5.5790000000000006e-05,0.0,1.552326466847732,-1.0
63761622,20260207,1000.0,40.0,18.74194842,0.0,43.66644447311951,0.0,818.3942499999999,0.0,48158,0,0.0031624846498860644,0.0,0.81839425,0.0,0.09166111182798779,-1.0
63768177,20260207,1000.0,95.0,0.36684069999999724,0.0,46.32155047136298,0.0,16.99263,0.0,352894,0,0.007251450211958007,0.0,0.016992629999999998,0.0,-0.5124047318803897,-1.0
63777240,20260207,1000.0,31.86,1.0178924899999986,0.0,17.526408903950184,0.0,17.84,0.0,45926,0,0.003431256817536572,0.0,0.017839999999999998,0.0,-0.44989300364249263,-1.0
63782676,20260207,1000.0,7.35,2.1781402499999993,0.0,13.303652049035872,0.0,28.97722,0.0,6436,0,0.005100649865271834,0.0,0.028977219999999998,0.0,0.8100206869436561,-1.0
63786819,20260207,72.20216606498195,3.82,1.0274569299999996,0.0,0.0,0.0,0.0,0.0,10096,0,0.0014038210183820463,0.0,0.0,0.0,-1.0,-1.0
63793115,20260207,13.157894736842104,19.23,0.8729048300000002,0.0,2.003803782366515,0.0,1.74913,0.0,1025,0,0.08686440677966102,0.0,0.13293388,0.0,-0.8957980352383508,-1.0
63798620,20260207,1000.0,15.0,1.3629326299999986,0.0,9.287869203043448,0.0,12.658739999999998,0.0,30468,0,0.017411280644608264,0.0,0.012658739999999998,0.0,-0.3808087197971035,-1.0
63800765,20260207,199.22996,2.25,100.40840010999989,25.39277346449503,1.4375852004599796,7.845931349035161,144.34563000000003,199.22996520996108,308909,204,0.047207806100617394,0.7816091954022989,0.7245176880023467,1.0000000000000009,-0.3610732442400091,2.4870805995711827
63801044,20260207,750.0,12.0,10.220424519999998,25.74824918916092,8.865229602028315,29.12819296418528,90.60641000000001,749.9999999999994,520350,229,0.05984336185481645,0.0188460191959572,0.12080854666666668,0.9999999999999992,-0.26123086649764043,1.4273494136821068
63807604,20260207,1000.0,22.0,0.16320020999999948,0.0,10.508993830338854,0.0,1.7150699999999999,0.0,14590,0,0.024063994722084776,0.0,0.00171507,0.0,-0.5223184622573248,-1.0
63820271,20260207,68.4931506849315,2.7,3.1490065699999983,0.0,1.4951318440723362,0.0,4.70818,0.0,55247,0,0.0037335108395956103,0.0,0.06873942799999999,0.0,-0.44624746515839403,-1.0
63825455,20260207,137.20322999999996,35.0,1.6012345599999986,0.0,32.92780540534926,0.0,52.725139999999996,0.0,177198,0,0.017557916014347714,0.0,0.38428497638138703,0.0,-0.05920555984716397,-1.0
63827404,20260207,10.638297872340424,10.0,0.020658699999999704,0.0,6.485887301718013,0.0,0.13399,0.0,1424,0,0.04127536231884058,0.0,0.012595060000000002,0.0,-0.3514112698281987,-1.0
63835415,20260207,1700.05321,30.2,49.63370162,0.3603750754,34.0422252391338,24.915777192017227,1689.64165,8.97905,1559686,8,0.05997454414015335,2.3683697332526185e-05,0.9938757446303695,0.0052816287633458,0.12722600129582118,-0.1749742860075311
63839772,20260207,21.73913043478261,32.0,0.00565656,0.0,27.960456531885104,0.0,0.15816,0.0,20151,0,0.34863321799307956,0.0,0.00727536,0.0,-0.1262357333785905,-1.0
63840064,20260207,1000.0,40.0,0.1193747299999997,0.0,19.089299720300986,0.0,2.2787800000000002,0.0,3614,0,0.014946236559139785,0.0,0.00227878,0.0,-0.5227675069924753,-1.0
63840552,20260207,1000.0,62.32,0.5946225499999989,0.0,10.568199944653985,0.0,6.28409,0.0,413262,0,0.011731132798528434,0.0,0.00628409,0.0,-0.8304204116711492,-1.0
63843847,20260207,1000.0,300.0,0.8526294699999981,0.0,363.9800885606273,0.0,310.34015,0.0,7746,0,0.007241959611069559,0.0,0.31034015,0.0,0.2132669618687576,-1.0
63847388,20260207,66.11570247933884,566.0,0.10638380999999891,0.0,165.44359522374864,0.0,17.600520000000003,0.0,5656,0,0.08126436781609195,0.0,0.2662078650000001,0.0,-0.7076968282265925,-1.0
63848648,20260207,1000.0,19.0,0.1148203099999997,0.0,5.431965825558227,0.0,0.6236999999999999,0.0,1028,0,0.0030668257756563248,0.0,0.0006236999999999999,0.0,-0.714107061812725,-1.0
63867023,20260207,34.770514603616135,1100.0,0.0538456399999992,0.0,218.2925117056864,0.0,11.754100000000001,0.0,1655,0,0.0034827441077441078,0.0,0.338047916,0.0,-0.8015522620857397,-1.0
63874819,20260207,1000.0,33.66,0.9448800599999992,0.0,13.054323529697527,0.0,12.33477,0.0,4311,0,0.0022930851063829786,0.0,0.01233477,0.0,-0.6121710181313865,-1.0
63886292,20260207,1000.0,18.66,0.5595576999999992,0.0,11.649504599793746,0.0,6.518569999999999,0.0,46331,0,0.033857790119848,0.0,0.006518569999999999,0.0,-0.3756964308792205,-1.0
63890282,20260207,42.79496,8.01,0.0635166,0.0,0.0,0.0,0.0,0.0,4495,0,0.0031823008849557522,0.0,0.0,0.0,-1.0,-1.0
63892216,20260207,41.66666666666666,12.54,0.9331463899999988,0.0,1.5654885617678933,0.0,1.4608299999999996,0.0,10184,0,0.10184,0.0,0.03505992,0.0,-0.8751604017728953,-1.0
63893649,20260207,36.47676,4.76,2.2019377899999992,0.0,3.5351589110971218,0.0,7.7842,0.0,1170,0,0.0005691215098745014,0.0,0.2134016288727398,0.0,-0.2573195564922013,-1.0
63893761,20260207,1000.0,8.0,0.3891586299999991,0.0,3.910487607585635,0.0,1.5217999999999998,0.0,7556,0,0.008974937641050005,0.0,0.0015217999999999998,0.0,-0.5111890490517956,-1.0
63895426,20260207,2.45433,6.5,1.2508153499999992,0.0,1.7856352658288062,0.0,2.2335,0.0,1785,0,0.009365162644281217,0.0,0.9100243243573601,0.0,-0.7252868821801837,-1.0
63898679,20260207,123.20089999999996,35.0,0.28454898999999845,0.0,200.90347184152827,0.0,57.16688,0.0,5693097,0,0.08041029313310905,0.0,0.4640134934079217,0.0,4.7400991954722365,-1.0
63904068,20260207,1000.0,31.0,10.719261939999999,0.7480917955999999,24.147337890317477,4.540880516401006,258.84164,3.397,386134,1,0.010210701120671874,1.5340058414942443e-06,0.25884164,0.003397,-0.22105361644137173,-0.853519983341903
63904287,20260207,89.5,18.0,0.8540667899999981,0.0,9.683083450651463,0.0,8.27,0.0,5394,0,0.0016505002906887793,0.0,0.0924022346368715,0.0,-0.46205091940825205,-1.0
63904753,20260207,1000.0,31.0,0.014054859999999999,0.0,16.400021060330733,0.0,0.23049999999999998,0.0,1045,0,0.0044,0.0,0.0002305,0.0,-0.47096706256997634,-1.0
63904784,20260207,1000.0,31.0,4.666134619999999,0.0,23.000272975407643,0.0,107.32236999999999,0.0,103750,0,0.01361798755676896,0.0,0.10732236999999999,0.0,-0.2580557104707212,-1.0
63905155,20260207,1000.0,30.0,14.311155770000001,0.0023476661999999,21.206393451197822,3.1251780265752545,303.48799999999994,0.00734,166365,1,0.02275512576766834,2.9945857888936805e-06,0.3034879999999999,7.340000000000001e-06,-0.2931202182934059,-0.8958273991141581
63909258,20260207,1000.0,8.49,0.0785548699999998,0.0,6.25409984129566,0.0,0.49129,0.0,1031,0,0.0007925282496733031,0.0,0.00049129,0.0,-0.2633569091524547,-1.0
63918879,20260207,1000.0,12.0,0.4190223499999993,0.0,4.2963340738268565,0.0,1.80026,0.0,11307,0,0.0011343298555377206,0.0,0.00180026,0.0,-0.6419721605144286,-1.0
63920538,20260207,10.416666666666666,10.85,0.00861161,0.0,0.0,0.0,0.0,0.0,2611,0,0.0012296317227088632,0.0,0.0,0.0,-1.0,-1.0
63921753,20260207,1000.0,30.0,2.4290685599999984,0.0,16.183087891105068,0.0,39.30983,0.0,143425,0,0.013452862221305094,0.0,0.03930983,0.0,-0.46056373696316444,-1.0
63924789,20260207,7.319470000000001,2.53,4.274365819999999,0.0,1.5365250136685777,0.0,6.56767,0.0,2115,0,0.19766355140186917,0.0,0.8972876451437056,0.0,-0.3926778602100483,-1.0
63930260,20260207,1000.0,50.18,0.40955222999999735,0.0,13.81657719212037,0.0,5.6586099999999995,0.0,1565171,0,0.04548474465939571,0.0,0.00565861,0.0,-0.724659681304895,-1.0
63931270,20260207,17.857142857142858,1.05,9.997431630000001,3.595907424846191,0.7097622932181032,4.965961668743948,7.0958000000000006,17.857143402099613,9372,18,0.002013535288430551,0.6428571428571429,0.3973648,0.9999998931884916,-0.32403591122085407,3.729487518346178
63934713,20260207,29.41176470588235,60.0,0.37391975999999916,0.0,69.66021266166852,0.0,26.04733,0.0,1596,0,0.0013581822823589482,0.0,0.88560922,0.0,0.16100354436114206,-1.0
63935338,20260207,45.15721,1.18,43.847514660000016,12.65932304798307,0.807353855161468,3.567110781946178,35.400459999999995,45.15721130371095,5753,28,0.004228281640452742,0.6511627906976745,0.7839381573839481,1.0000000000000002,-0.3158018176597729,2.02297537331148
63937480,20260207,27.785550000000004,6.0,15.92798474,2.75417496745168,1.7353620342556908,10.08851630839228,27.640819999999998,27.78554916381836,3633,2,0.00724571200638213,0.5384615384615384,0.9947911774285553,0.9999999313546588,-0.7107729942907182,0.6814193847320468
63939449,20260207,1000.0,16.0,0.49055693999999916,0.0,8.767035280348917,0.0,4.30073,0.0,22070,0,0.06103429203539823,0.0,0.00430073,0.0,-0.45206029497819267,-1.0
63939968,20260207,1000.0,30.87,0.3124397999999979,0.0,14.360974498127415,0.0,4.48694,0.0,6805,0,0.0015755597230904586,0.0,0.00448694,0.0,-0.5347918853862191,-1.0
63939971,20260207,1000.0,30.87,0.6990634299999976,0.0,9.678549484415202,0.0,6.7659199999999995,0.0,27337,0,0.006456084831022837,0.0,0.00676592,0.0,-0.6864739396043018,-1.0
63942675,20260207,7.03731,2.08,2.40745589,0.0,1.3539936551028562,0.0,3.25968,0.0,17441,0,0.28405537459283386,0.0,0.46319971693729567,0.0,-0.3490415119697807,-1.0
63942976,20260207,0.7507507507507507,4.82,0.09498938999999951,0.0,0.6256488224632278,0.0,0.05943,0.0,5076,0,0.04691312384473198,0.0,0.07916076,0.0,-0.8701973397379195,-1.0
63948300,20260207,1000.0,10.01,3.0623741299999985,0.0,8.330928527011823,0.0,25.51242,0.0,56224,0,0.011217877094972068,0.0,0.025512419999999997,0.0,-0.16773940789092678,-1.0
63950119,20260207,1127.6450100000006,1.49,1214.6769155400002,309.6112729249126,0.9169166761557043,3.642131648619254,1113.75752,1127.645019531249,164069,487,0.009557064884984826,0.8524774020756611,0.9876845196166828,0.9999999999999994,-0.38461968043241324,1.444383641146171
63950135,20260207,53.81452,18.5,3.5856543599999995,0.0,8.411530217876328,0.0,30.16084,0.0,7274,0,0.03225720620842572,0.0,0.5604591474568573,0.0,-0.5453226909256039,-1.0
63951234,20260207,1000.0,24.0,0.6132488499999987,0.0,11.454615854558904,0.0,7.02453,0.0,14776,0,0.009395307433076875,0.0,0.00702453,0.0,-0.522724339393379,-1.0
63953718,20260207,1000.0,22.5,1.6580488599999996,0.0,14.751356603568368,0.0,24.45847,0.0,59318,0,0.051919474835886215,0.0,0.02445847,0.0,-0.34438415095251695,-1.0
63956425,20260207,1000.0,50.67,3.5357482699999983,0.0,22.787402792111113,0.0,80.57052,0.0,115361,0,0.012660893805698232,0.0,0.08057052,0.0,-0.5502782160625397,-1.0
63957691,20260207,1000.0,18.0,0.45442549999999754,0.0,4.975799113386048,0.0,2.2611299999999996,0.0,4119,0,0.007485008177357805,0.0,0.0022611299999999997,0.0,-0.7235667159229973,-1.0
63958692,20260207,1000.0,30.0,1.691604149999999,0.0,15.538381127759719,0.0,26.284790000000005,0.0,49548,0,0.07745505705799594,0.0,0.026284790000000006,0.0,-0.4820539624080094,-1.0
63967286,20260207,1000.0,30.2,4.732072439999998,0.0,31.444605273202473,0.0,148.79815000000002,0.0,323845,0,0.011683900249664468,0.0,0.14879815000000002,0.0,0.04121209513915477,-1.0
63967300,20260207,1000.0,29.2,14.951385440000003,0.0,33.738626565699704,0.0,504.43920999999983,0.0,891913,0,0.0644394592915303,0.0,0.5044392099999998,0.0,0.15543241663355153,-1.0
63972226,20260207,1000.0,29.07,0.0710429399999995,0.0,10.738575852857515,0.0,0.7628999999999999,0.0,6577,0,0.011975600873998543,0.0,0.0007629,0.0,-0.6305959458941344,-1.0
63972231,20260207,1000.0,29.07,0.3966301899999991,0.0,10.763376333001803,0.0,4.269079999999999,0.0,20039,0,0.014682737397420868,0.0,0.004269079999999999,0.0,-0.6297428162022084,-1.0
63982060,20260207,144.41286,32.0,0.33754527999999956,0.0,44.74125663970185,0.0,15.102200000000002,0.0,12379,0,0.0036130406864748115,0.0,0.10457655917900942,0.0,0.3981642699906829,-1.0
63985166,20260207,50.0,46.0,0.0192897799999996,0.0,10.526299418656107,0.0,0.20305,0.0,4693,0,0.0284251968503937,0.0,0.004061,0.0,-0.7711674039422585,-1.0
63985726,20260207,4994.14603,1.0,6089.890448690001,2403.6271791679,0.7498611984033832,1.2361736807841586,4566.572550000001,2971.3006585410003,160888,1055,0.11837833860643072,0.0682567348511907,0.914385066549606,0.5949567074861347,-0.25013880159661683,0.2361736807841585
63985744,20260207,1000.0,86.31,0.0857126599999991,0.0,6.0222142213297944,0.0,0.51618,0.0,77376,0,0.03762875066867675,0.0,0.00051618,0.0,-0.9302257650176133,-1.0
63990159,20260207,1000.0,82.32,1.1119273199999975,0.0,5.475798544099099,0.0,6.08869,0.0,3475783,0,0.24096718731584896,0.0,0.00608869,0.0,-0.9334815531572025,-1.0
63992188,20260207,221.95962,49.74,0.7805867899999986,0.0,15.255946106902503,0.0,11.90859,0.0,1284,0,0.00801498127340824,0.0,0.05365205617129819,0.0,-0.6932861659247587,-1.0
63993604,20260207,23.71317,4.5,6.438650769999999,0.0,3.4845048755455337,0.0,22.43551,0.0,31270,0,0.007909047221589903,0.0,0.9461202361388207,0.0,-0.22566558321210362,-1.0
63994945,20260207,1000.0,24.0,41.13260980999996,0.0,17.640384195208465,0.0,725.59504,0.0,466873,0,0.009917494588503198,0.0,0.7255950400000001,0.0,-0.26498399186631394,-1.0
63997152,20260207,69.34492,12.0,2.785368799999998,0.0,9.052226764369594,0.0,25.21379,0.0,33819,0,0.0018811220318053633,0.0,0.3635996695936775,0.0,-0.24564776963586712,-1.0
63997228,20260207,3.88989,3.37,0.707181539999999,0.0,5.500553648501636,0.0,3.8898900000000003,0.0,29994,0,0.055792410714285715,0.0,1.0000000000000002,0.0,0.6322117651340167,-1.0
63999590,20260207,40.26390000000001,45.0,1.131787849999998,0.0,24.45908038330686,0.0,27.682489999999998,0.0,16471,0,0.014351311318288752,0.0,0.687526295266976,0.0,-0.4564648803709587,-1.0
64000136,20260207,1000.0,90.69,1.6932441799999993,0.0,77.56852883439414,0.0,131.34246000000002,0.0,15096,0,0.002574922817132038,0.0,0.13134246000000002,0.0,-0.14468487336647762,-1.0
64002001,20260207,1000.0,62.32,0.2421834799999985,0.0,25.8219099007085,0.0,6.253640000000001,0.0,62783,0,0.048771071234366505,0.0,0.00625364,0.0,-0.5856561312466544,-1.0
64004668,20260207,1000.0,32.0,0.5324289999999983,0.0,43.09333263214452,0.0,22.944139999999997,0.0,118155,0,0.025785648814979703,0.0,0.02294414,0.0,0.34666664475451614,-1.0
64005450,20260207,1000.0,23.0,0.0635592799999993,0.0,6.056078671753428,0.0,0.38492,0.0,1573,0,0.011373825018076645,0.0,0.00038491999999999997,0.0,-0.7366922316628944,-1.0
64005608,20260207,341.5910099999999,25.0,3.260798799999999,0.0,10.870968181170825,0.0,35.44804,0.0,2483646,0,0.03214597179707875,0.0,0.10377333993655163,0.0,-0.565161272753167,-1.0
64007547,20260207,41.66666666666666,6.5,0.0681534699999993,0.0,0.0,0.0,0.0,0.0,3976,0,0.01602579604997985,0.0,0.0,0.0,-1.0,-1.0
64009920,20260207,650.6762800000001,2.3,108.41929587999999,166.22793207960927,1.5695649802812575,3.914361789120184,170.17113,650.6762695312495,12907,233,0.02348435225618632,0.6749984950487102,0.2615296349822372,0.9999999999999992,-0.31758044335597496,0.7018964653360571
64012844,20260207,1000.0,33.75,0.0253990099999997,0.0,39.24286812753771,0.0,0.9967299999999999,0.0,1932,0,0.01932,0.0,0.00099673,0.0,0.1627516482233396,-1.0
64019817,20260207,248.75621890547265,600.0,0.0269656999999989,0.0,21.850350630616823,0.0,0.58921,0.0,1030,0,0.0033594259621656884,0.0,0.0023686242,0.0,-0.9635827489489719,-1.0
64020537,20260207,40000.0,1.56,1525.4624940200001,13674.612912687498,1.2181481926199602,2.925128502903513,1858.23938,39999.99999999977,845119,7714,0.04100310027121309,0.5488744143895502,0.0464559845,0.9999999999999942,-0.219135773961564,0.8750824424337125
64020711,20260207,1000.0,28.88,1.0800372399999991,0.0,33.37977494183444,0.0,36.0514,0.0,53771,0,0.0032712793463646707,0.0,0.036051400000000004,0.0,0.15580938164246683,-1.0
64021638,20260207,380.56766,3.0,151.39981512,61.6149418706038,1.5370415731059843,6.176548086231692,232.70781,380.5676574707029,53398,500,0.012248371410221122,0.54192427867141,0.6114755257974364,0.9999999999999994,-0.4876528089646719,1.0588493620772306
64026285,20260207,1000.0,27.12,1.8919629599999992,0.0,21.427496656699887,0.0,40.54003,0.0,3076,0,0.005333795734350616,0.0,0.040540030000000005,0.0,-0.2099005657559039,-1.0
64029548,20260207,1000.0,26.3,2.3800731099999988,0.0,20.342488554899905,0.0,48.41661,0.0,91557,0,0.003833772302641772,0.0,0.04841661,0.0,-0.2265213477224371,-1.0
64029589,20260207,1000.0,30.0,3.040580139999999,0.0,23.005876108892835,0.0,69.95121,0.0,129753,0,0.007055052605823342,0.0,0.06995121,0.0,-0.2331374630369055,-1.0
64033273,20260207,1172.770339999999,25.52,1.0628980399999992,0.0,17.330335842937497,0.0,18.42038,0.0,45303,0,0.0013085486181717348,0.0,0.01570672396097604,0.0,-0.32091160490056825,-1.0
64040144,20260207,500.0,1.6,21.039017819999998,98.0235166519251,0.6015523209438491,5.100816742523629,12.65607,500.0000000000001,2695,147,0.012216681776971895,0.8434493284493285,0.02531214,1.0000000000000002,-0.6240297994100943,2.188010416572211
64040948,20260207,208.86075949367088,12.0,14.615005989999997,0.0,6.131463104518373,0.0,89.61137,0.0,6534,0,0.44448979591836735,0.0,0.42904837757575753,0.0,-0.4890447412901356,-1.0
64048356,20260207,1062.3138600000002,50.18,47.016990050000004,0.0042604819,22.246369427045014,4.998261285587063,1045.9573299999997,0.0213,124130,1,0.009849867483455269,2.215997730818324e-06,0.984602921400272,2.0050571820085663e-05,-0.5566686044829611,-0.9003933588045132
64048419,20260207,793.6428571428571,2.67,3.1898601900000005,0.0,1.0692443545621348,0.0,3.4107399999999997,0.0,2208,0,0.01645305514157973,0.0,0.004297575375753758,0.0,-0.5995339496021966,-1.0
64055756,20260207,145.76475000000008,12.0,18.89065399,8.711379861722392,7.020497017742476,16.732680795706045,132.62178,145.76475524902344,30880,26,0.0020010238399180928,0.0003754978285326,0.9098343735368114,1.0,-0.4149585818547937,0.3943900663088371
64059312,20260207,2.48044,13.0,0.0393387199999998,0.0,0.0,0.0,0.0,0.0,6263,0,0.017158904109589042,0.0,0.0,0.0,-1.0,-1.0
64059848,20260207,33.373839999999994,14.0,3.2924306599999986,0.0,7.6870259736920366,0.0,25.309000000000005,0.0,174403,0,0.03015944109153164,0.0,0.7583484549575359,0.0,-0.4509267161648545,-1.0
64060132,20260207,1000.0,114.63,0.00028414,0.0,0.0,0.0,0.0,0.0,3555,0,0.1615909090909091,0.0,0.0,0.0,-1.0,-1.0
64062292,20260207,1321.44021,800.0,2.2271656199999987,0.0,543.0586702393514,0.0,1209.4815999999998,0.0,38700,0,387.0,0.0,0.9152753116238228,0.0,-0.32117666220081076,-1.0
64073068,20260207,1013.3127800000002,12.92,44.13809028,10.789155278,13.419031413517695,13.997901859847357,592.29042,151.02555073,539831,36,0.024098737545087675,0.0002570417182687,0.5845089805341248,0.1490413917189187,0.03862472240849034,0.0834289301229325
64081848,20260207,1000.0,96.08,0.0024119499999999,0.0,0.0,0.0,0.0,0.0,8472,0,0.03788908765652952,0.0,0.0,0.0,-1.0,-1.0
64083791,20260207,125.47337,14.0,1.6046278199999997,0.0,7.512720301708345,0.0,12.055120000000002,0.0,6230,0,0.0017661233167965982,0.0,0.09607711979043841,0.0,-0.4633771213065468,-1.0
64086199,20260207,1000.0,32.2,0.021028999999999798,0.0,31.227352703409878,0.0,0.65668,0.0,4888,0,0.9584313725490196,0.0,0.0006566800000000001,0.0,-0.03020643778230202,-1.0
64087380,20260207,1000.0,23.0,5.341132769999998,0.0,9.887792023563573,0.0,52.812009999999994,0.0,40541,0,0.0082201585595815,0.0,0.05281200999999999,0.0,-0.5700959989754968,-1.0
64096983,20260207,1000.0,30.2,4.301334859999997,0.0,15.664290782513046,0.0,67.37736,0.0,366253,0,0.011189857870873917,0.0,0.06737736,0.0,-0.48131487475122364,-1.0
64097468,20260207,15.625,21.06,0.01136528,0.0,15.553510340264385,0.0,0.17677,0.0,1350,0,0.028421052631578948,0.0,0.01131328,0.0,-0.2614667454765249,-1.0
64099890,20260207,1000.0,30.66,10.770363810000001,1.4414651418999995,17.179383469684296,26.647334185296977,185.02821,38.41123,177015,2,0.003985738120917497,7.788013464840005e-06,0.18502821,0.03841123,-0.43968090444604385,-0.1308762453387235
64101372,20260207,416.6666666666667,160.0,0.7412095499999974,0.0,49.9585710950434,0.0,37.02977,0.0,120200,0,0.0036913287555124254,0.0,0.08887144799999999,0.0,-0.6877589306559788,-1.0
64101770,20260207,72.20216606498195,3.4,4.905490569999999,13.244803857966687,1.4534876580141916,5.451357303528697,7.13007,72.20216369628906,40501,23,0.0052632194513391635,0.0220682240818224,0.0987514695,1.0,-0.572503629995826,0.6033403384183079
64104000,20260207,1000.0,42.0,0.0751657799999997,0.0,0.0,0.0,0.0,0.0,5927,0,0.750253164556962,0.0,0.0,0.0,-1.0,-1.0
64105048,20260207,11.616680000000002,2.37,4.914132839999999,0.0,0.9571739619476793,0.0,4.70368,0.0,204118,0,0.09910565158283162,0.0,0.4049074262181621,0.0,-0.5961291299798821,-1.0
64106409,20260207,1000.0,42.0,0.0010545499999999,0.0,0.0,0.0,0.0,0.0,4593,0,0.9772340425531915,0.0,0.0,0.0,-1.0,-1.0
64107218,20260207,2941.176470588235,1.0,3.578357160000001,0.0,0.6744827003238546,0.0,2.41354,0.0,6855,0,0.0591458153580673,0.0,0.0008206035999999999,0.0,-0.3255172996761454,-1.0
64110035,20260207,228.48797,91.53,7.419097219999999,0.0,26.11490107956828,0.0,193.74899000000002,0.0,25890,0,0.010469912649627952,0.0,0.8479614484736331,0.0,-0.7146847910022038,-1.0
64113541,20260207,65.18745999999999,15.0,8.433780029999998,2.4156151841,7.209028428975994,11.56467866206494,60.79936,27.935824940000003,269827,31,0.04162134230051366,0.0017649061729979,0.9326849059619751,0.4285459833209114,-0.5193981047349338,-0.2290214225290041
64114731,20260207,814.7297199999998,1.0,1020.60950375,381.5567766338904,0.7809207410586979,2.1352778513866983,797.01513,814.7297363281257,25262,265,0.018622926649465535,0.7695074106364429,0.9782570961078972,1.0000000000000009,-0.2190792589413021,1.1352778513866983
64115407,20260207,17.81497,1.0,39.86770361,11.040101407759762,0.44141092680306493,1.613659851919297,17.598039999999997,17.814970016479492,10906,8,0.00822535636171657,0.4444444444444444,0.987823162205718,0.9999998929356364,-0.5585890731969351,0.6136598519192971
64115681,20260207,6.819940000000001,1.8,8.570856709999997,0.1657670590048453,0.7909804386404218,41.14146073207084,6.779380000000001,6.819940090179445,20773,13,0.03970374617737003,0.7261904761904762,0.9940527336017618,0.9999998601638476,-0.5605664229775434,21.85636767885965
64117220,20260207,230.21069000000008,20.91,0.46890148999999876,0.0,7.614157933258025,0.0,3.570289999999999,0.0,41787,0,0.0005780387600116197,0.0,0.015508793271068333,0.0,-0.6358604527375407,-1.0
64118118,20260207,11.77282,260.0,0.09289077999999928,0.0,68.46610610870152,0.0,6.35987,0.0,1267,0,0.0006213525575008582,0.0,0.5402163627745944,0.0,-0.7366688226588403,-1.0
64119946,20260207,1000.0,9.0,0.0419825599999997,0.0,0.0,0.0,0.0,0.0,18374,0,0.002513611863525678,0.0,0.0,0.0,-1.0,-1.0
64120867,20260207,1000.0,9.0,1.4720825399999993,0.0,6.463190576256685,0.0,9.51435,0.0,261822,0,0.02192281606644952,0.0,0.00951435,0.0,-0.28186771374925723,-1.0
64125620,20260207,1000.0,7.5,6.036810639999998,0.0,1.7993938600664807,0.0,10.862599999999999,0.0,1887451,0,0.07749747485115993,0.0,0.010862599999999998,0.0,-0.7600808186578026,-1.0
64126534,20260207,333.3333333333333,6.0,10.337520489999998,12.139641034064809,1.4352861514860227,27.458251451772597,14.8373,333.3333435058596,16174,72,0.004599198111866238,0.0714814814814814,0.04451190000000001,1.0000000000000009,-0.7607856414189963,3.576375241962099
64129362,20260207,1000.0,24.0,0.004000269999999999,0.0,0.0,0.0,0.0,0.0,1641,0,8.793316864842273e-05,0.0,0.0,0.0,-1.0,-1.0
64129661,20260207,1143.8391200000003,24.0,39.60234387999999,0.114051504,18.662002740025706,25.97031977482932,739.0590500000001,2.96198,279466,3,0.004291428843445907,2.867899849490847e-06,0.6461215017720323,0.0025895075370878,-0.22241655249892892,0.0820966572845548
64131561,20260207,35.86777000000001,16.1,3.1311329399999996,0.0,11.277767720715175,0.0,35.31219,0.0,6708,0,0.00688211757463835,0.0,0.9845103277956783,0.0,-0.2995175328748339,-1.0
64138592,20260207,1000.0,49.74,18.243956569999998,2.4099858724,17.530388146500613,50.28410377991735,319.82363999999995,121.18403,30667,6,0.01318160326670965,5.617551300000273e-05,0.31982363999999996,0.12118403,-0.6475595467128948,0.0109389240669466
64141830,20260207,1000.0,25.0,11.687656009999998,0.0,9.752832381657338,0.0,113.98774999999999,0.0,66955,0,0.0002839430833110338,0.0,0.11398774999999998,0.0,-0.6098867047337064,-1.0
64142416,20260207,111.11111111111111,3.54,0.2609288899999992,0.0,0.30912636772417285,0.0,0.08066,0.0,9221,0,0.10256952169076752,0.0,0.0007259399999999999,0.0,-0.9126761673095557,-1.0
64150905,20260207,6.079800000000001,48.47,0.060453279999999894,0.0,20.284259183290008,0.0,1.22625,0.0,3003,0,0.1716,0.0,0.20169248988453564,0.0,-0.5815089914732823,-1.0
64157057,20260207,319.6986600000001,3.0,9.951795829999998,0.0,20.23582612023905,0.0,201.38281,0.0,32315,0,0.09315364658402998,0.0,0.6299144638266546,0.0,5.745275373413016,-1.0
64162199,20260207,209.54995,1.0,7.434174840000001,0.0,13.057420909406536,0.0,97.07115,0.0,16762,0,0.037026728517782194,0.0,0.4632363310036581,0.0,12.057420909406536,-1.0
64162266,20260207,1000.0,2.09,74.27437595999999,181.79593889945056,0.8667137107239858,5.500672900357898,64.37462,1000.0000000000008,2371583,1565,0.14983276683387878,0.8756920296325583,0.06437462,1.0000000000000009,-0.5853044446296719,1.6319010173472606
64165844,20260207,1000.0,4.75,46.44669738,136.65819782926656,2.7559875560736797,7.317526563110534,128.00652,999.9999999999987,13710,314,0.006478899862955437,0.176469152480134,0.12800651999999998,0.9999999999999988,-0.4197920934581727,0.5405319080232703
64166008,20260207,1000.0,148.94,0.013172819999999698,0.0,26.522794663557843,0.0,0.34938,0.0,1978,0,0.019819639278557115,0.0,0.00034938000000000005,0.0,-0.8219229578114822,-1.0
64166181,20260207,35.08771929824562,61.67,0.0473679299999997,0.0,13.973589303986978,0.0,0.6618999999999997,0.0,1359,0,0.00880181347150259,0.0,0.01886414999999999,0.0,-0.7734135024487275,-1.0
64167205,20260207,1000.0,10.0,0.7703270299999996,0.0,7.99997891804472,0.0,6.162599999999999,0.0,33173,0,0.0040760582416907295,0.0,0.006162599999999999,0.0,-0.20000210819552802,-1.0
64169776,20260207,2.2580645161290325,3.34,0.1861151899999996,0.0,0.12830763571742881,0.0,0.02388,0.0,25496,0,0.9768582375478927,0.0,0.010575428571428569,0.0,-0.9615845402043626,-1.0
64173658,20260207,31.25,14.4,0.0010938100000000002,0.0,11.821065815818102,0.0,0.01293,0.0,1071,0,0.013819354838709677,0.0,0.00041376,0.0,-0.1790926516792985,-1.0
64177035,20260207,237.66124999999988,12.0,24.485487429999996,16.198563087347395,4.2817244418646245,14.671748285914331,104.84011000000001,237.66125488281264,980620,298,0.018343952380774225,0.0862518089725036,0.44113253633059685,1.0000000000000009,-0.6431896298446146,0.2226456904928611
64178557,20260207,1000.0,31.31,0.0886122099999985,0.0,10.052790693291762,0.0,0.8908,0.0,3427,0,0.0014999781152886594,0.0,0.0008908000000000001,0.0,-0.6789271576719335,-1.0
64178983,20260207,4.433497536945813,3.12,2.1055268100000006,0.0,0.5951052221462807,0.0,1.2530100000000002,0.0,66908,0,0.17050968399592253,0.0,0.2826233666666667,0.0,-0.809261146747987,-1.0
64179291,20260207,1000.0,12.93,0.060736689999999496,0.0,0.0,0.0,0.0,0.0,2521,0,0.7002777777777778,0.0,0.0,0.0,-1.0,-1.0
64179851,20260207,1000.0,10.01,0.3255854799999997,0.0,5.419129870287833,0.0,1.7643900000000001,0.0,5984,0,0.00380831158913002,0.0,0.0017643900000000002,0.0,-0.4586283845866301,-1.0
64180551,20260207,1000.0,86.31,0.0109129999999997,0.0,40.275817831944664,0.0,0.43953000000000003,0.0,5354,0,0.36924137931034484,0.0,0.00043953000000000004,0.0,-0.5333586162444136,-1.0
64181008,20260207,1000.0,30.8,0.1026293999999999,0.0,14.458040288650244,0.0,1.48382,0.0,1024,0,0.014566145092460882,0.0,0.0014838199999999998,0.0,-0.5305831075113558,-1.0
64185135,20260207,250.0,28.0,0.7614459199999998,0.0,50.63039801959937,0.0,38.552310000000006,0.0,26135,0,0.0095701050935589,0.0,0.15420924000000003,0.0,0.8082285006999774,-1.0
64186013,20260207,82.85864999999998,10.0,0.7175463199999993,0.0,6.5986262740501616,0.0,4.73482,0.0,1590,0,0.0001596561869282752,0.0,0.05714333989269679,0.0,-0.34013737259498383,-1.0
64188498,20260207,1000.0,26.98,0.00055345,0.0,0.0,0.0,0.0,0.0,20762,0,0.020013495276653172,0.0,0.0,0.0,-1.0,-1.0
64189196,20260207,96.95803,32.41,4.22056063,0.0,14.630236457472718,0.0,61.74780000000001,0.0,9290,0,0.004811227924801906,0.0,0.6368508106033096,0.0,-0.5485888164926652,-1.0
64190160,20260207,111.11111111111111,2.0,24.95588943,23.52483026028393,1.1133123537003906,4.723141827144058,27.783699999999996,111.11111450195312,4183,41,0.008793357157872609,0.9444444444444444,0.2500533,1.0,-0.4433438231498047,1.361570913572029
64192256,20260207,3.605769230769231,102.0,0.0016613199999999,0.0,0.0,0.0,0.0,0.0,9450,0,0.010175514159577905,0.0,0.0,0.0,-1.0,-1.0
64192383,20260207,89.25466,25.49,9.178e-05,0.0,0.0,0.0,0.0,0.0,1309,0,0.010123743232791957,0.0,0.0,0.0,-1.0,-1.0
64192413,20260207,1000.0,58.55,0.032132519999999,0.0,23.139174891979312,0.0,0.74352,0.0,11300,0,0.022893030794165315,0.0,0.00074352,0.0,-0.6047963297697813,-1.0
64199262,20260207,461.9958,1900.0,0.0820379699999994,0.0,339.63797495233246,0.0,27.86321,0.0,3331,0,0.0009554816132178304,0.0,0.06031052663249319,0.0,-0.8212431710777197,-1.0
64200673,20260207,1000.0,10.57,0.3103161699999992,0.0,1.7392261576314292,0.0,0.53971,0.0,109142,0,0.055119438412201405,0.0,0.00053971,0.0,-0.8354563710850115,-1.0
64200712,20260207,1000.0,160.82,0.3984430099999988,0.0,56.78746880262768,0.0,22.62657,0.0,41762,0,0.027455131155085136,0.0,0.022626570000000002,0.0,-0.6468880188867823,-1.0
64200992,20260207,1000.0,10.57,0.017003289999999997,0.0,0.0,0.0,0.0,0.0,4000,0,0.0020105554159336515,0.0,0.0,0.0,-1.0,-1.0
64203381,20260207,1000.0,46.06,8.86759621,1.421296836,23.37587268196101,391.23757590805207,207.2878,556.0651200000001,7833,8,0.0031326987681970886,0.0007073386383731,0.2072878,0.5560651200000001,-0.49249082323141535,7.494085198506322
64206422,20260207,70.27027027027027,20.7,0.0865666899999999,0.0,8.043625094132638,0.0,0.6963100000000001,0.0,7980,0,0.014169034090909092,0.0,0.009909026923076924,0.0,-0.6114190775781334,-1.0
64210247,20260207,72.20216606498195,3.4,10.805448110000002,13.000402112674092,1.5694453230778593,5.553840374834162,16.95856,72.20216369628908,114966,28,0.015569399114313187,1.0,0.23487605599999997,1.0000000000000002,-0.5383984343888649,0.6334824173685704
64210997,20260207,1000.0,29.6,14.719852320000005,0.0,21.984303440348636,0.0,323.60569999999996,0.0,567575,0,0.02156194202788436,0.0,0.32360569999999994,0.0,-0.25728704593416774,-1.0
64212391,20260207,91.66666666666669,19.44,1.6268780499999997,0.0,9.714870761210406,0.0,15.80491,0.0,36594,0,0.03395879732739421,0.0,0.17241719999999996,0.0,-0.500263849731975,-1.0
64213169,20260207,31.25,48.29,0.32624695999999975,0.0,20.86312160579214,0.0,6.8065299999999995,0.0,14638,0,0.065818345323741,0.0,0.21780896,0.0,-0.5679618636199598,-1.0
64215562,20260207,250.0,1.0,0.1290475899999997,0.0,0.7006717444316488,0.0,0.09042,0.0,3186,0,0.009409332545776727,0.0,0.00036168,0.0,-0.2993282555683512,-1.0
64217599,20260207,4.044489383215369,17.6,0.1622412699999998,0.0,0.0,0.0,0.0,0.0,32190,0,0.014040214594146639,0.0,0.0,0.0,-1.0,-1.0
64218618,20260207,1000.0,72.88,0.2470997599999992,0.0,24.602452062276466,0.0,6.07926,0.0,1453,0,0.001372697213037317,0.0,0.0060792599999999995,0.0,-0.6624251912420901,-1.0
64218716,20260207,1000.0,86.0,0.022980879999999898,0.0,0.0,0.0,0.0,0.0,1256,0,0.031321695760598504,0.0,0.0,0.0,-1.0,-1.0
64221144,20260207,50.0,2.7,5.916374259999998,8.873227350292673,1.839430624525772,5.63492767526385,10.88276,49.99999999999998,1484,33,0.002312607137291569,0.0100421288679899,0.2176552,0.9999999999999996,-0.31872939832378816,1.0870102132397956
64223277,20260207,320.82551,6.0,74.70335081,29.7646934170805,4.2342341617915435,10.778726500352551,316.31147999999996,320.82550048828125,8811,14,0.00046424751437107133,0.0123022847100175,0.985929953014023,1.0,-0.2942943063680761,0.7964544167254252
64223652,20260207,62.5,2.3,6.484282639999999,4.038584980032701,1.1662091891787125,15.475713605952237,7.56203,62.50000000000002,1612,25,0.002448359659781288,0.0790935672514619,0.12099248,1.0000000000000004,-0.492952526444038,5.7285712725197895
64224566,20260207,35.714285714285715,72.0,0.13725182999999908,0.0,33.85193479751804,0.0,4.64624,0.0,24605,0,0.018258385277530424,0.0,0.13009472,0.0,-0.5298342389233606,-1.0
64226642,20260207,1000.0,25.05,2.911225099999997,0.0,20.00017793196412,0.0,58.22501999999999,0.0,145572,0,0.04301137538779731,0.0,0.05822501999999999,0.0,-0.20158970331480558,-1.0
64227028,20260207,1000.0,8.0,0.0792921999999998,0.0,11.766731153884017,0.0,0.9330099999999999,0.0,1988,0,0.003682845498332716,0.0,0.0009330099999999999,0.0,0.4708413942355021,-1.0
64228142,20260207,1000.0,25.88,16.338159759999996,16.184210849588737,11.14501159707108,61.78861283414374,182.08898000000002,1000.0,160994,62,0.039788937768770696,0.0025648207922319,0.18208898,1.0,-0.5693581299431576,1.3875044373190573
64229089,20260207,1000.0,3.94,10.034370079999999,145.11025304789996,4.687016686153558,4.377125546140495,47.03126,635.1658000000001,29921,124,0.0248616535105941,0.0045214168049824,0.047031260000000005,0.6351658000000001,0.1895981436937964,0.1109455539522031
64229552,20260207,41.66666666666666,1.4,7.185961429999999,3.3831855985134545,0.5687116525477927,12.315805447012714,4.086739999999999,41.66666793823242,3698,50,0.02213046080191502,0.1695983097444252,0.09808175999999999,1.0,-0.5937773910372909,7.797004040535453
64230865,20260207,4.664179104477612,27.0,0.07598885999999959,0.0,4.362086758506468,0.0,0.33147,0.0,1113,0,0.0009238814642649622,0.0,0.071067168,0.0,-0.8384412311664271,-1.0
64233051,20260207,1000.0,56.0,0.0003873,0.0,0.0,0.0,0.0,0.0,20814,0,0.06580461587100854,0.0,0.0,0.0,-1.0,-1.0
64233843,20260207,223.26955,80.0,4.2798114699999985,0.0,30.495995189246045,0.0,130.51711,0.0,4698,0,0.47454545454545455,0.0,0.5845719221452276,0.0,-0.6188000601344245,-1.0
64238938,20260207,41.66666666666666,1.51,3.0426265499999996,0.0,0.6378469286676015,0.0,1.9407300000000003,0.0,12280,0,0.029676172063798936,0.0,0.04657752000000002,0.0,-0.5775848154519195,-1.0
64240263,20260207,41.66666666666666,1.29,18.52793197,3.0061756583785417,0.7015828869108266,13.860352425431447,12.99888,41.66666793823243,13181,65,0.017579354494531876,0.6701030927835051,0.31197312000000005,1.0000000000000002,-0.4561372969683515,9.744459562248103
64240994,20260207,1000.0,50.18,15.073859659999997,0.0,16.101787164973516,0.0,242.71608,0.0,27151,0,0.0081188326057054,0.0,0.24271608,0.0,-0.6791194267641787,-1.0
64243018,20260207,1000.0,23.0,6.0448736499999995,0.0,20.18627965863274,0.0,122.02351000000002,0.0,51905,0,0.0026836494116187206,0.0,0.12202351000000002,0.0,-0.12233566701596789,-1.0
64243604,20260207,1000.0,38.5,0.0999368999999999,0.0,15.235413545947509,0.0,1.52258,0.0,7150,0,0.7222222222222222,0.0,0.00152258,0.0,-0.6042749728325323,-1.0
64251345,20260207,169.62831999999997,1.76,95.44074008000001,36.66804591744759,1.6484152351304773,4.626052944622532,157.32596999999998,169.62832641601557,9311,105,0.06575564971751413,0.581982407801215,0.9274746693240846,0.9999999999999996,-0.0634004345849561,1.6284391873234552
64251856,20260207,1000.0,14.0,0.6012973099999992,0.0,11.061649352796888,0.0,6.65134,0.0,36349,0,0.08878602833414753,0.0,0.00665134,0.0,-0.2098821890859366,-1.0
64254884,20260207,1000.0,163.18,0.0012347400000000002,0.0,96.26318091258076,0.0,0.11886,0.0,5561,0,0.09930357142857144,0.0,0.00011886,0.0,-0.41007978359737246,-1.0
64254890,20260207,1000.0,163.18,0.039122879999999804,0.0,46.19803041084933,0.0,1.8074,0.0,18356,0,0.02192022928110819,0.0,0.0018073999999999998,0.0,-0.716889138308314,-1.0
64255796,20260207,1000.0,2.0,198.59441599,197.6436524272032,1.4178653946351583,5.059610985021199,281.5801500000001,1000.0000000000002,558633,286,0.03837529452981706,0.6197767813146743,0.28158015000000014,1.0000000000000002,-0.29106730268242087,1.5298054925105995
64256969,20260207,1000.0,61.25,0.09872948999999959,0.0,10.862711840200983,0.0,1.07247,0.0,40833,0,0.22036157582298974,0.0,0.00107247,0.0,-0.8226496026089635,-1.0
64259874,20260207,283.0188679245283,56.1,1.1502192899999983,0.0,35.86409162030317,0.0,41.25157,0.0,88153,0,0.016921585564833478,0.0,0.14575554733333335,0.0,-0.36071137931723407,-1.0
64260084,20260207,1000.0,35.0,0.00042429,0.0,0.0,0.0,0.0,0.0,1274,0,0.5790909090909091,0.0,0.0,0.0,-1.0,-1.0
64265671,20260207,363.78365,3.0,3.2387437199999987,0.0,20.569083496362605,0.0,66.61799,0.0,4342,0,0.013788504287075261,0.0,0.1831252998863473,0.0,5.856361165454202,-1.0
64267444,20260207,72.20216606498195,3.4,0.0052856199999999996,0.0,0.0,0.0,0.0,0.0,1372,0,0.00017793225086891112,0.0,0.0,0.0,-1.0,-1.0
64268049,20260207,1000.0,91.46,0.0990382899999995,0.0,34.011794832079765,0.0,3.36847,0.0,11358,0,0.031169045005488474,0.0,0.0033684699999999997,0.0,-0.6281238264587823,-1.0
64269101,20260207,1000.0,2.08,48.0407577,230.95534308482848,0.7118522195997753,4.329841355100691,34.197919999999996,1000.0000000000002,1547805,1746,0.1394695345023338,0.9065023628922828,0.03419792,1.0000000000000002,-0.6577633559616466,1.0816545739991978
64273516,20260207,1.7391304347826086,22.76,0.0370937599999997,0.0,15.461630204109927,0.0,0.57353,0.0,20375,0,0.0023010898413236207,0.0,0.32977975,0.0,-0.3206665112429734,-1.0
64273959,20260207,3.27383,2.5,0.2697672899999996,0.0,0.05805003267816503,0.0,0.01566,0.0,4144,0,0.017209302325581394,0.0,0.004783388263898859,0.0,-0.9767799869287339,-1.0
64274214,20260207,79.67623999999999,1.6,40.99543987,25.234335801363777,0.9381767855635404,3.157453260644672,38.46097,79.6762390136719,3973,34,0.009967385850476669,0.9714285714285714,0.48271567533809334,1.0000000000000004,-0.41363950902278723,0.9734082584968454
64274912,20260207,1000.0,69.46,0.0025896699999999996,0.0,0.0,0.0,0.0,0.0,1941,0,0.3235,0.0,0.0,0.0,-1.0,-1.0
64277430,20260207,11.11111111111111,29.66,0.2584786599999994,0.0,13.298660709553381,0.0,3.4374199999999995,0.0,12110,0,0.007286840363439437,0.0,0.30936779999999997,0.0,-0.5516297805275326,-1.0
64277460,20260207,376.40849,52.58,3.022726399999999,0.0,19.713292608950656,0.0,59.58789000000001,0.0,12033,0,0.005504574565416286,0.0,0.15830644521328416,0.0,-0.625080018848409,-1.0
64279494,20260207,2330.69918,1.0,45.67883813999999,0.0,10.02593867638158,0.0,457.97322999999994,0.0,19741,0,0.0148943715104874,0.0,0.1964960703337099,0.0,9.02593867638158,-1.0
64280314,20260207,148.10778000000005,1.0,8.279366869999999,20.09284200277647,2.70656686095129,7.371170560914779,22.40866,148.10777282714844,1579,20,0.004259509036957108,0.0192618989390816,0.1512996818938208,1.0,1.7065668609512898,6.371170560914779
64282626,20260207,24.252223120452708,2.1,11.260596589999999,4.825370195082439,1.0874530405320206,5.025981004989094,12.245370000000001,24.252223968505863,4456,10,0.0002377585811319144,0.6666666666666666,0.5049174230000001,0.9999999213536672,-0.48216521879427593,1.3933243967782358
64284934,20260207,1000.0,28.6,0.1691272599999999,0.0,11.384149426887191,0.0,1.9253699999999998,0.0,29263,0,0.16895496535796767,0.0,0.0019253699999999998,0.0,-0.6019528172417066,-1.0
64286119,20260207,1000.0,86.31,0.5850025299999988,0.0,20.02481937984101,0.0,11.714569999999998,0.0,161608,0,0.03876979176662508,0.0,0.011714569999999999,0.0,-0.7679895796565751,-1.0
64287339,20260207,31.51393999999999,9.5,3.4181501899999986,0.0,8.02072421516388,0.0,27.416040000000002,0.0,1032,0,0.00018701072774717308,0.0,0.8699654819422773,0.0,-0.15571324050906535,-1.0
64288469,20260207,1000.0,48.4,0.0222398099999995,0.0,11.540566218866338,0.0,0.25666,0.0,36100,0,0.10284900284900285,0.0,0.00025666,0.0,-0.7615585491969765,-1.0
64288593,20260207,6.666666666666667,42.48,0.0149318499999999,0.0,11.833764737792114,0.0,0.1767,0.0,1538,0,0.04090425531914894,0.0,0.026504999999999997,0.0,-0.7214273837619558,-1.0
64293134,20260207,37.5,7.5,0.42062227999999935,0.0,2.63264703904891,0.0,1.1073499999999998,0.0,59369,0,0.010632365056055016,0.0,0.029529333333333328,0.0,-0.6489803947934786,-1.0
64295359,20260207,1000.0,16.12,0.0141792999999997,0.0,8.638649298625644,0.0,0.12249,0.0,13127,0,0.03294102885821832,0.0,0.00012249,0.0,-0.4641036415244638,-1.0
64297824,20260207,1000.0,33.0,0.00205724,0.0,14.995819641850245,0.0,0.03085,0.0,1078,0,0.006382474837181764,0.0,3.085e-05,0.0,-0.545581222974235,-1.0
64300269,20260207,3.38267,15.0,0.0333015799999996,0.0,101.57686211885564,0.0,3.38267,0.0,3055,0,0.006665939341042985,0.0,1.0,0.0,5.7717908079237095,-1.0
64321933,20260207,50.13335000000003,26.93,1.425379699999999,0.0,33.43966523446351,0.0,47.66422,0.0,66805,0,0.04123001913225946,0.0,0.950748753075547,0.0,0.24172540788947314,-1.0
64324670,20260207,1000.0,8.39,4.789910639999999,0.0,2.115461176954233,0.0,10.13287,0.0,5060,0,0.0012384052473139334,0.0,0.01013287,0.0,-0.7478592160960391,-1.0
64325724,20260207,1000.0,67.37,0.04887855,0.0,38.91686639640497,0.0,1.9022000000000001,0.0,3509,0,0.816046511627907,0.0,0.0019022000000000002,0.0,-0.42234130330406755,-1.0
64326105,20260207,27.51538,48.47,2.9213346499999995,0.0,8.051806046938172,0.0,23.52202,0.0,121481,0,0.09831741663968922,0.0,0.8548680774170664,0.0,-0.8338806262236813,-1.0
64326658,20260207,1000.0,76.48,0.09384180999999919,0.0,2.29631120712614,0.0,0.21549000000000001,0.0,3056,0,0.020373333333333334,0.0,0.00021549,0.0,-0.9699750103670746,-1.0
64329848,20260207,3.886010362694301,2.17,0.1599893299999996,0.0,2.891755343934506,0.0,0.46265,0.0,7868,0,0.03297569153394803,0.0,0.11905526666666666,0.0,0.3326061492785743,-1.0
64330332,20260207,2.2222222222222223,39.44,0.0206249999999999,0.0,0.0,0.0,0.0,0.0,8855,0,0.7767543859649123,0.0,0.0,0.0,-1.0,-1.0
64330383,20260207,3.83043,48.47,0.20456177999999892,0.0,14.937003383525585,0.0,3.05554,0.0,405234,0,0.36259305654974944,0.0,0.7977015635320317,0.0,-0.6918299281302747,-1.0
64332866,20260207,128.2051282051282,23.0,2.8191928399999986,0.0,16.53453404769573,0.0,46.614039999999996,0.0,29765,0,0.007353195484078164,0.0,0.36358951199999995,0.0,-0.281107215317577,-1.0
64333168,20260207,1000.0,11.98,0.4383652399999971,0.0,0.9315747754087498,0.0,0.40837,0.0,22439,0,0.001033774227283826,0.0,0.00040837,0.0,-0.922239167328151,-1.0
64333572,20260207,45.45454545454545,1.87,1.1935525299999994,0.0,1.2449473003086013,0.0,1.48591,0.0,43109,0,0.092767376802238,0.0,0.03269002,0.0,-0.33425278058363567,-1.0
64334450,20260207,1000.0,17.05,0.16154832999999869,0.0,8.248058026969456,0.0,1.3324599999999998,0.0,15108,0,0.026720905553590378,0.0,0.0013324599999999997,0.0,-0.5162429309695333,-1.0
64334757,20260207,1000.0,9.5,0.01185847,0.0,0.0,0.0,0.0,0.0,11534,0,0.0010162025004184984,0.0,0.0,0.0,-1.0,-1.0
64335100,20260207,1000.0,9.0,0.10060932999999989,0.0,4.072584520739781,0.0,0.40974,0.0,26057,0,0.0017954371627999918,0.0,0.00040974,0.0,-0.547490608806691,-1.0
64335303,20260207,1000.0,5.55,0.0630221699999996,0.0,0.2705397164204296,0.0,0.01705,0.0,4310,0,0.03489878542510121,0.0,1.7049999999999998e-05,0.0,-0.9512541051494721,-1.0
64337334,20260207,10.416666666666666,41.08,0.0392302699999997,0.0,4.800884623022005,0.0,0.18834,0.0,7363,0,0.44896341463414635,0.0,0.018080640000000002,0.0,-0.8831332857102725,-1.0
64339571,20260207,192.88928000000004,1.0,22.06659899,0.0,8.037718004499794,0.0,177.36509999999998,0.0,28596,0,0.025937414965986394,0.0,0.9195176631899914,0.0,7.037718004499794,-1.0
64340433,20260207,6.666666666666667,42.48,0.0154323599999996,0.0,0.0,0.0,0.0,0.0,1610,0,0.006948640483383686,0.0,0.0,0.0,-1.0,-1.0
64340578,20260207,170.38144000000003,1.0,62.611087510000004,37.93244771251289,2.638711873094568,4.491706836547575,165.21262000000002,170.3814392089844,18598,41,0.016979822879576372,0.4505494505494505,0.9696632450107241,1.0000000000000002,1.638711873094568,3.491706836547575
64341465,20260207,4.30407,13.0,0.716388269999999,0.0,6.008012945270595,0.0,4.30407,0.0,1314,0,0.009977220956719818,0.0,1.0,0.0,-0.5378451580561081,-1.0
64343632,20260207,1016.6666666666666,1.8,36.63088083999999,269.3015914337914,0.6298278793996921,3.775197457332784,23.071150000000003,1016.666687011719,3502,402,0.005900589721988206,0.8004454903100692,0.02269293442622951,1.0000000000000002,-0.6500956225557266,1.0973319763007592
64345690,20260207,1000.0,10.57,1.6606583499999985,0.0,2.7788798340128205,0.0,4.61477,0.0,2239,0,0.003711254765456655,0.0,0.00461477,0.0,-0.7370974613043689,-1.0
64347079,20260207,45.45454545454545,16.0,0.5146366499999981,0.0,3.5692366643533964,0.0,1.8368599999999997,0.0,24720,0,0.022186322024771138,0.0,0.040410919999999996,0.0,-0.7769227084779127,-1.0
64349849,20260207,82.42704000000005,2.5,55.3961432,17.665980311853847,1.3588158967716728,4.665862521024477,75.27316,82.42704010009768,5391,29,0.013948253557567918,0.7798245614035088,0.9132095487111992,1.0000000000000004,-0.4564736412913309,0.8663450084097907
64354560,20260207,1000.0,10.0,2.4120214999999985,0.0,5.05597897862851,0.0,12.195129999999999,0.0,29162,0,0.001261534069033539,0.0,0.012195129999999998,0.0,-0.49440210213714897,-1.0
64355215,20260207,1000.0,75.47,0.0034155599999999,0.0,42.1804916324129,0.0,0.14407,0.0,6490,0,0.4702898550724638,0.0,0.00014407,0.0,-0.44109591052851593,-1.0
64355555,20260207,26.31578947368421,3.26,1.0140940999999992,0.0,1.1852055938398622,0.0,1.2019099999999998,0.0,1608,0,0.028817204301075268,0.0,0.04567258,0.0,-0.6364400018896127,-1.0
64364407,20260207,62.5,2.0,4.538046429999998,1.2069213804,0.8006550959858737,6.603672389734401,3.6334099999999996,7.97012,1243,2,0.002587965854674162,0.0158730158730158,0.058134559999999995,0.1275219199999999,-0.5996724520070631,2.3018361948672004
