ad_id,period,budget,target_CPA,conversion,CPA,budget_used,win_rate,spend,total_win,trajectory_length,CPA_violation
46573939,20260207,432.71963,80.19,3.0510733199999986,28.255768039032258,0.19922927924485423,0.016314056475982077,86.21042,78283,72,-0.647639755093749
51094622,20260207,377.10074,304.69,3.0487181499999987,143.902347942528,1.1633965502162633,0.02253535021374548,438.71770000000004,20559,72,-0.5277089896533264
53731452,20260207,194.1747572815534,79.32,0.0548519499999991,119.63658539031171,0.033795845,0.0072627438124897555,6.5623000000000005,4431,72,0.5082776776388265
54524974,20260207,38.62359550561798,1100.0,0.0039551199999995,512.2221323247477,0.05245239272727273,0.0009708968521084934,2.0259,2452,72,-0.5343435160684112
54562194,20260207,194.1747572815534,79.32,0.3278965799999997,45.45948603672539,0.07676595149999997,0.0014174757281553397,14.906009999999997,2409,72,-0.42688494658692144
57654377,20260207,2386.38826,430.5,4.378679559999998,505.21757751097016,0.9270016606601977,0.0321610743339868,2212.18588,339592,72,0.17355999421828144
57795555,20260207,577.2744,290.0,1.133149469999998,113.5467856680904,0.22288443762619647,0.0519637660907163,128.66548,948240,72,-0.6084593597652055
58417305,20260207,1.0332357499569484,52.0,0.00749337,0.0,0.0,0.0031913720625732205,0.0,37048,72,-1.0
58419221,20260207,46.08294930875576,52.0,0.949742499999999,16.274147992745416,0.33540062499999995,0.047577437760475794,15.456249999999997,1948710,72,-0.6870356155241267
58435300,20260207,48.31349,57.2,1.7800080499999984,25.441873703885797,0.9373518659074307,0.08910576504187037,45.286739999999995,920418,72,-0.5552119981838147
58544782,20260207,11.096610000000002,52.0,0.7104463299999981,18.122790499882,1.160288592642257,0.029093213613049194,12.875269999999999,736806,72,-0.6514847980791922
59789974,20260207,7.079646017699115,270.0,0.048692969999999405,121.2910200384177,0.8342253249999999,0.0012187417741510924,5.90602,1389,72,-0.5507739998577122
59851958,20260207,3043.8813700000005,91.58,19.084504250000002,110.35471146702697,0.6919011301678948,0.010308074534161491,2106.06496,4149,72,0.20500886074499863
60134489,20260207,1000.0,300.0,1.6652470899999985,299.996476799128,0.49956825999999993,0.0057459262774877395,499.56825999999995,18160,72,-1.1744002906652895e-05
60394559,20260207,1.0332357499569484,52.0,0.00042083,0.0,0.0,0.0003385719829258828,0.0,1745,72,-1.0
60395737,20260207,17.623949999999997,52.0,0.8606289799999988,16.543842156000863,0.8078841576377602,0.018604756129669747,14.238110000000002,1830148,72,-0.6818491893076757
60503054,20260207,4002.55829,900.0,5.135001049999998,611.4705273526674,0.7844737221803207,0.06475336520015347,3139.9017999999996,1620181,72,-0.3205883029414806
60505342,20260207,1287.7824600000004,483.0,2.494942609999998,425.03862243147984,0.8234674744676983,0.04588063467417148,1060.44697,472777,72,-0.1200028521087374
60547751,20260207,192.36432,54.68,2.4952917799999974,40.42407417380267,0.5243688642467584,0.15597626963550404,100.86986,2556841,72,-0.2607155418104851
60547769,20260207,21.234762092017306,54.68,0.0717451299999981,8.100201365584192,0.027367860185185184,0.03380315072887336,0.58115,569049,72,-0.8518617160646637
60769562,20260207,583.7024200000001,400.0,2.0659779499999984,279.36323328136217,0.98878856798298,0.058614877886401066,577.15828,167281,72,-0.3015919167965946
60906649,20260207,4.077471967380224,52.0,0.2873187599999986,10.01208553176275,0.7055008650000001,0.00945419410051486,2.87666,684928,72,-0.8074598936199471
61027483,20260207,4.077471967380224,52.0,0.3563199199999988,8.884235268126492,0.7763707575,0.0309867187249976,3.1656299999999997,968242,72,-0.8291493217667983
61098328,20260207,175.43859649122808,52.0,0.2929606599999988,13.9853931241144,0.023353869,0.3797032640949555,4.09717,12796,72,-0.7310501322285692
61109358,20260207,21.234762092017306,54.68,0.24533726999999983,6.697922415130817,0.07738490277777776,0.024310506566604127,1.64325,253967,72,-0.8775069053560567
61136703,20260207,28.116213683224,52.0,0.1347540599999996,16.376129965954323,0.07848674166666665,0.47425,2.20675,5691,72,-0.6850744237316477
61185698,20260207,7.1040600000000005,52.0,0.42989980999999794,16.52492007381914,1.0,0.017067287111402173,7.1040600000000005,1136270,72,-0.6822130755034781
61186486,20260207,21.234762092017306,54.68,0.006260219999999799,8.807997163039282,0.002596685555555555,0.01405591781207487,0.05514,209741,72,-0.8389173891177892
61188825,20260207,23.36448598130841,52.0,0.0494918399999988,0.0,0.0,0.005326945966007986,0.0,332981,72,-1.0
61524679,20260207,2.69648,52.0,0.1033659199999992,6.895599632838421,0.26433350145374707,0.010954452840601953,0.71277,289788,72,-0.8673923147531073
61583194,20260207,2182.06944,300.0,6.364344179999998,207.2730893695948,0.6045441340308584,0.008865231530527224,1319.1572800000001,384103,72,-0.30908970210135067
61622102,20260207,100000.0,60.0,0.7477592299999991,66.80131517734668,0.000499513,0.004780845421931056,49.9513,3065,72,0.113355252955778
61702785,20260207,0.8682062858135093,52.0,0.0372381799999999,0.0,0.0,0.004937418821584602,0.0,133808,72,-1.0
61777401,20260207,4432.506930000003,300.0,11.881192509999998,227.87231228862566,0.6108044167231562,0.013002977751142408,2707.39481,694307,72,-0.24042562570458112
61879187,20260207,66.1471,54.0,1.5291670999999987,43.25694686996604,1.0,0.011986183739433828,66.1471,840301,72,-0.19894542833396217
62108188,20260207,46.08294930875576,52.0,0.10987818999999929,20.17943688369834,0.048114976,0.008314916242272829,2.2172799999999997,155760,72,-0.6119339060827242
62141274,20260207,284.49023000000017,3000.0,0.758970299999999,374.01028735907107,0.9977941949008227,0.007887358198843007,283.8627,45402,72,-0.8753299042136429
62187452,20260207,3.25476,380.0,0.0138394999999995,99.38364825319194,0.42258722609347543,0.001906200317965024,1.37542,1199,72,-0.7384640835442318
62297437,20260207,6.289308176100629,58.0,0.036082419999999296,14.352418712492403,0.08234133,0.029157814871016693,0.51787,3843,72,-0.7525445049570275
62338437,20260207,151.5151515151515,52.0,0.869796189999997,13.602577403793918,0.07808770200000001,0.02165416881111683,11.83147,841481,72,-0.7384119730039631
62435576,20260207,363.6363636363636,104.43,0.34070405999999875,22.91088048671926,0.0214660325,0.006803045272272912,7.805829999999999,11706,72,-0.7806101648308028
62632452,20260207,1000.0,300.0,0.6336520499999971,106.2013292626455,0.06729469,0.0048997038233710285,67.29469,21837,72,-0.645995569124515
62699077,20260207,44.67285000000001,60.0,1.0580723799999983,34.75645021562708,0.8232033550579376,0.0035927428980663642,36.77484,3010,72,-0.4207258297395486
62719771,20260207,19.466780000000004,160.0,0.13359869999999863,88.12675572442039,0.6048057254461189,0.013492176386913229,11.773620000000001,3794,72,-0.44920777672237255
62766768,20260207,34.31616,50.63,0.9474606899999991,23.51535027801525,0.6492530049982282,0.023577092511013215,22.279870000000003,8028,72,-0.5355451258539354
62854671,20260207,363.6363636363636,57.4,2.284162339999999,17.06687362685439,0.1072046525,0.0011314190767952646,38.983509999999995,6537,72,-0.7026677068492265
62863799,20260207,26.5748031496063,65.54,0.30854336999999954,27.733702396522126,0.3219986222222222,0.0034383954154727794,8.55705,6960,72,-0.5768431126560555
62864009,20260207,1.0332357499569484,52.0,0.00049049,0.0,0.0,0.0007419257127711938,0.0,3919,72,-1.0
62868895,20260207,1083.0701399999996,81.2,9.66944152,66.65794696279418,0.5951093065865524,0.08475077414843672,644.54512,84844,72,-0.17908932311829825
62904543,20260207,1000.0,299.26,0.0049137499999999,0.0,0.0,0.045003808073115006,0.0,5909,72,-1.0
62968126,20260207,1000.0,209.58,0.037234579999999795,29.915739616238614,0.0011139,0.9870634920634921,1.1139,12437,72,-0.8572586142941186
63018312,20260207,969.31033,280.0,2.373022949999998,132.30025019353494,0.32389165810293186,0.02289089137847053,313.95153000000005,9399,72,-0.527499106451661
63024133,20260207,1000.0,77.59,0.12709319999999819,15.419078282709286,0.00195966,0.733083109919571,1.95966,54688,72,-0.8012749286930109
63024390,20260207,1000.0,84.69,2.7926086299999984,34.97746477994665,0.09767837,0.008940600122473974,97.67837,5840,72,-0.5869941577524306
63051533,20260207,1000.0,84.69,0.0017571199999998999,46.792478601350325,8.222e-05,0.22934782608695653,0.08222,10550,72,-0.447485197764195
63064523,20260207,1678.5256200000006,391.72,8.525770279999996,193.0094966152432,0.9803571720281515,0.003106586903383507,1645.5546300000003,289770,72,-0.5072768900866864
63064971,20260207,1006.7315300000002,408.89,0.31065263,385.318707908573,0.11889989181127562,0.013032371983519718,119.70027,22142,72,-0.057647025095813015
63077278,20260207,6.073970000000001,52.0,0.8694183699999986,6.0839984321932485,0.8708538237758829,0.032657428105550085,5.289540000000001,1598248,72,-0.8830000301501298
63087865,20260207,1000.0,84.69,0.0250146999999996,14.25801628642381,0.00035665999999999996,0.6256978653530377,0.35666,38105,72,-0.8316446299867303
63092860,20260207,1000.0,264.8,0.00020505,0.0,0.0,0.33285714285714285,0.0,6524,72,-1.0
63099926,20260207,1000.0,55.51,2.9197034499999988,16.960105999806252,0.04951848,0.03606222066705899,49.51848,226734,72,-0.6944675553989146
63120878,20260207,81.95608000000001,55.0,2.1227523499999985,36.894308467023976,0.9556030498286396,0.008186012179368887,78.31747999999999,17744,72,-0.329194391508655
63135951,20260207,6.385696040868455,52.0,0.08681835999999901,14.609467398370741,0.198626742,0.006448512058942036,1.26837,56015,72,-0.7190487038774858
63136165,20260207,6.385696040868455,52.0,0.0732189399999996,3.570797392040932,0.040943070000000005,0.005860167874856925,0.26145,30719,72,-0.9313308193838282
63151168,20260207,746.9214000000002,400.0,3.420182069999998,184.25181966993952,0.8436962309554927,0.009324702589223233,630.1747700000001,7995,72,-0.5393704508251512
63156284,20260207,714.2857142857143,50.0,0.647811879999999,86.49822846719033,0.078448412,0.011765437753788254,56.03458,190073,72,0.7299645693438066
63212211,20260207,46.08294930875576,52.0,0.3373562199999993,18.153689296139294,0.132896442,0.027919594602001777,6.1242600000000005,1018719,72,-0.6508905904588598
63212433,20260207,59.58013,95.0,1.0589843699999977,49.14955449248048,0.8735900710522116,0.08704194737663773,52.048610000000004,724807,72,-0.4826362685002054
63215668,20260207,1000.0,158.41,0.00331338,116.3796485763782,0.00038561,0.006352105530187722,0.38561,1252,72,-0.2653263772717745
63221312,20260207,1000.0,79.06,0.48195347999999893,53.42322665664756,0.025747509999999998,0.001555386227259739,25.74751,1633,72,-0.32426983738113385
63224447,20260207,142.85714285714286,1500.0,0.0055760899999997005,698.7817628481982,0.02727529,0.012012055109070035,3.8964700000000003,4185,72,-0.5341454914345345
63231247,20260207,1000.0,379.36,0.032276759999998496,149.06855582779136,0.004811449999999999,0.007620345140781108,4.811449999999999,8390,72,-0.6070525204876862
63233770,20260207,1000.0,84.69,0.00178839,294.3038151633592,0.00052633,0.038523206751054855,0.52633,2739,72,2.4750716160510002
63245295,20260207,1000.0,84.69,0.00070822,120.48515997853775,8.533e-05,0.3863793103448276,0.08533,2241,72,0.4226609986838795
63246122,20260207,1000.0,84.69,1.1978429299999975,28.621331846905893,0.03428386,0.010030226987567012,34.28386,17587,72,-0.6620459104155639
63246165,20260207,1000.0,84.69,0.6329608899999981,29.164582348839996,0.01846004,0.0062778853740764655,18.46004,8752,72,-0.6556313337012635
63299682,20260207,97.50139,69.3,0.524341599999999,59.81119941656367,0.32165182465603825,0.009649157321791594,31.3615,14714,72,-0.1369235293425156
63320611,20260207,1000.0,84.69,0.0047769099999996,0.0,0.0,0.0966497461928934,0.0,1904,72,-1.0
63342003,20260207,98.41694,64.62,1.109429919999999,48.36653404840573,0.5452240234252356,0.06920498574810377,53.65928,716237,72,-0.25152376898165074
63359921,20260207,1000.0,86.31,0.4171241699999992,50.863847088985615,0.02121654,0.005875128902221805,21.21654,6267,72,-0.4106841954699848
63363585,20260207,2928.89804,300.0,2.8451989899999983,287.7728457228225,0.27954916791845713,0.011131842413210245,818.77101,17123,72,-0.04075718092392492
63372872,20260207,4.077471967380224,52.0,0.0248075999999995,27.101775262420126,0.1648889325,0.0040673570838310235,0.67233,220997,72,-0.47881201418422836
63375302,20260207,1000.0,393.19,0.0245535699999987,63.32032368409491,0.0015547399999999998,0.03656137220712866,1.5547399999999998,90164,72,-0.8389574412266464
63375453,20260207,1000.0,386.54,0.8522436399999993,123.31840927554482,0.10509733,0.0002457879008482518,105.09733,36666,72,-0.6809685691634894
63379069,20260207,1000.0,116.0,0.0457642999999987,22.245724287272587,0.0010180599999999999,0.019813906408160088,1.01806,25447,72,-0.8082265147648914
63382374,20260207,1000.0,83.45,0.1044110699999986,13.333260544116811,0.0013921399999999998,0.007438103753671332,1.39214,262873,72,-0.8402245590878753
63400463,20260207,37.93626707132018,175.0,0.1020145199999998,57.58729247562025,0.1548581464,0.23127272727272727,5.87474,1272,72,-0.6709297572821701
63405128,20260207,1000.0,86.31,0.6356251999999994,20.628367157249293,0.013111910000000001,0.004416384525725703,13.111910000000002,23871,72,-0.7609967888164836
63406536,20260207,19.62989,98.0,0.19507661999999798,25.23746823171352,0.2508032393457121,0.2922260273972603,4.92324,8533,72,-0.7424748139621069
63411075,20260207,850.2778400000001,260.5,1.4200786899999966,87.53609280623758,0.1461970830616966,0.06434213942481624,124.30813999999998,1511725,72,-0.6639689335653068
63414046,20260207,1912.7930200000008,303.8,9.382286910000001,201.46342657517386,0.9881820198193735,0.006066518860419886,1890.18767,401134,72,-0.3368550803977161
63417588,20260207,250.18294000000003,52.0,7.085179469999998,23.712244793708813,0.6715306407383334,0.03980419092144109,168.00551000000002,524464,72,-0.5439952924286767
63426601,20260207,7170.80575,339.26,20.49040154,129.28927404513905,0.36944092928469013,0.02410306742356816,2649.1891399999995,5034386,72,-0.6189079937359575
63426622,20260207,2070.2722899999994,414.17,8.96231607,232.0046306958688,1.0043600738142522,0.00901856953529796,2079.29883,466821,72,-0.4398323618420726
63427727,20260207,1000.0,86.19,0.0043750299999998,10.687926711360182,4.675999999999999e-05,0.17577464788732394,0.046759999999999996,7488,72,-0.8759957453143036
63430523,20260207,1000.0,321.87,0.0062351199999998,128.7032166181285,0.0008024799999999996,0.010510271703114646,0.8024799999999996,1586,72,-0.6001391349982027
63456596,20260207,351.75879396984925,550.0,0.17648230999999917,39.548326401666166,0.01984194885714286,0.0016505497416876408,6.97958,1246,72,-0.9280939519969706
63458242,20260207,51.78524999999999,52.0,1.8017747599999996,26.885108547086105,0.9354190623778008,0.027824089870109002,48.44091,5749211,72,-0.4829786817868057
63465917,20260207,1000.0,310.7,0.7894095599999976,140.38786153033203,0.11082352000000001,0.004393639109097773,110.82352,260708,72,-0.5481562229471129
63468715,20260207,1000.0,86.19,0.0005304000000000001,0.0,0.0,0.6914285714285714,0.0,2420,72,-1.0
63474208,20260207,1000.0,82.0,0.00130291,8.28913739245228,1.08e-05,0.0004302235409150679,0.0108,2552,72,-0.8989129586286307
63474289,20260207,1000.0,73.77,1.35e-05,0.0,0.0,0.23122375832053252,0.0,180632,72,-1.0
63481146,20260207,1000.0,327.97,1.778907409999998,173.24472778490497,0.30818633,0.019118785542475748,308.18633,360066,72,-0.471766540278364
63483455,20260207,26154.11694,96.0,360.67545835999977,62.10609896180354,0.8564672919903217,0.7995949502304168,22400.145709999997,35031774,72,-0.3530614691478798
63537092,20260207,714.2857142857143,50.0,3.451404789999997,53.77970458226088,0.25986174199999995,0.028821382945918562,185.61552999999998,392553,72,0.07559409164521753
63570480,20260207,1000.0,300.0,0.06755915999999869,170.27876012668338,0.011503890000000001,0.0013534758959839058,11.50389,3633,72,-0.4324041329110554
63574325,20260207,1000.0,300.0,0.21468064999999903,333.8551005877816,0.07167223000000002,0.0012172630025820731,71.67223000000001,1650,72,0.11285033529260526
63577520,20260207,151.5151515151515,52.0,0.1348435899999989,12.359949775884887,0.010999956000000002,0.008404056483764827,1.66666,118256,72,-0.7623086581560599
63578117,20260207,23.45548,52.0,0.4015116299999989,38.00402992062781,0.6505541562142407,0.026811803692599022,15.25906,2123830,72,-0.26915327075715756
63578431,20260207,57.67297,52.0,1.7675212699999978,15.274260320499586,0.4681149592261332,0.06034064873990112,26.997580000000003,4603726,72,-0.7062642246057772
63585415,20260207,1000.0,229.83,0.00066909,283.1158737987416,0.00018942999999999998,0.6986443381180223,0.18943,131415,72,0.2318490788789173
63601844,20260207,1000.0,79.04,0.0006831699999999,144.07834067657305,9.843e-05,0.21433453237410072,0.09843,11917,72,0.8228535004627155
63616775,20260207,1000.0,69.33,0.0978666399999997,1.5294282096534677,0.00014968,0.04828774378465948,0.14967999999999998,77497,72,-0.9779398787010893
63621161,20260207,1000.0,100.0,0.7172931699999964,50.74114953583092,0.03639628,0.01804214108101034,36.396280000000004,13786,72,-0.4925885046416908
63626085,20260207,1000.0,96.08,0.0130614599999997,39.61272323308511,0.0005174,0.25616,0.5174,3202,72,-0.5877110404549842
63632757,20260207,1000.0,86.31,0.012578059999999,9.92601402760123,0.00012485,0.011775046936337259,0.12485,6899,72,-0.8849957823241661
63634530,20260207,119.04761904761904,89.0,0.8656309699999982,12.191003286308048,0.08864444400000002,0.043526860997350036,10.55291,108408,72,-0.8630224349853028
63648944,20260207,26.5748031496063,68.0,0.0985532899999986,154.52239088111838,0.5730499644444444,0.0018899009900990099,15.22869,2386,72,1.2723881011929175
63661292,20260207,1000.0,300.0,1.0850393199999973,148.59921389761288,0.16123599000000002,0.008652730109204369,161.23599000000002,83196,72,-0.5046692870079571
63676199,20260207,1000.0,82.32,0.00042779,0.0,0.0,0.08077464788732394,0.0,1147,72,-1.0
63677098,20260207,1000.0,82.32,1.3251689699999991,16.193716036076527,0.021459409999999998,0.010019218449711723,21.45941,23460,72,-0.8032833328950859
63679958,20260207,22.0820189274448,72.6,0.613100849999999,12.155912033069294,0.33750537142857134,0.004921420256111758,7.4528,5073,72,-0.8325631951367866
63684003,20260207,1044.4733200000005,250.0,3.149361279999999,172.59930877158692,0.5204322308587066,0.09934322033898305,543.57758,9378,72,-0.3096027649136523
63693341,20260207,1000.0,82.32,0.0232848699999989,38.02168532613845,0.0008853299999999996,0.00798242402050531,0.8853299999999996,2180,72,-0.5381233560964717
63696056,20260207,714.2857142857143,50.0,0.9845240299999984,41.3467713936856,0.056989646,0.010802135682770254,40.70689,154975,72,-0.173064572126288
63713068,20260207,7500.0,120.0,2.623684459999997,53.54639711514706,0.01873184666666667,0.057855114479227594,140.48885,682511,72,-0.5537800240404411
63715009,20260207,1000.0,86.31,0.0051365599999996,21.30998177768945,0.00010946,0.13228511530398324,0.10946,6310,72,-0.753099504371574
63719668,20260207,1000.0,84.69,0.0002581,216.1565284773344,5.5790000000000006e-05,0.5548148148148148,0.055790000000000006,1498,72,1.552326466847732
63721302,20260207,1000.0,50.24,0.8255604899999986,15.980779312730942,0.013193099999999998,0.019640481245576786,13.193099999999998,13876,72,-0.6819112397943683
63762250,20260207,1000.0,80.06,0.0012215399999999,26.80223324655982,3.274e-05,0.02060920756713851,0.03274,31157,72,-0.6652231670427202
63768177,20260207,1000.0,95.0,0.36684069999999724,46.32155047136298,0.016992629999999998,0.007251450211958007,16.99263,352894,72,-0.5124047318803897
63783298,20260207,1000.0,300.0,0.1415983799999996,34.3548421952286,0.004864589999999999,0.030204017080499763,4.86459,267372,72,-0.8854838593492381
63789859,20260207,1000.0,86.31,4.594512219999999,11.325663641395215,0.052035899999999996,0.05780297716467929,52.0359,74167,72,-0.8687792417866388
63792692,20260207,1000.0,113.9,0.1488420799999985,39.639529358902124,0.005900029999999999,0.007051744885679904,5.900029999999999,1172,72,-0.6519795490877777
63793392,20260207,5.12241,52.0,0.23949078999999848,16.914178620397156,0.790797690930636,0.03358003924425695,4.050789999999999,2134035,72,-0.6747273342231317
63804346,20260207,1000.0,68.63,2.3593407299999996,48.18304476098289,0.11368022000000003,0.009968099008378814,113.68022000000002,51870,72,-0.2979302817866401
63808209,20260207,1000.0,189.69,0.11222384999999949,17.345154349988963,0.0019465399999999999,0.008086631961496907,1.94654,32932,72,-0.9085605232221573
63809133,20260207,1000.0,57.6,0.0702853799999989,7.162513740410991,0.00050342,0.04368827823100043,0.50342,10175,72,-0.8756508031178647
63821754,20260207,1000.0,80.0,0.0509125599999998,0.0,0.0,0.0003950772125107784,0.0,1008,72,-1.0
63821933,20260207,1000.0,86.31,0.0005317900000000001,0.0,0.0,0.06814814814814815,0.0,1104,72,-1.0
63837148,20260207,750.0,800.0,0.6018965999999984,588.2991696580458,0.4721270266666667,0.014694240040598832,354.09527,46328,72,-0.26462603792744277
63840552,20260207,1000.0,62.32,0.5946225499999989,10.568199944653985,0.00628409,0.011731132798528434,6.28409,413262,72,-0.8304204116711492
63840776,20260207,1000.0,120.0,2.8582393999999973,78.71762246367474,0.22499381000000002,0.03344700108356173,224.99381000000002,52475,72,-0.3440198128027105
63843847,20260207,1000.0,300.0,0.8526294699999981,363.9800885606273,0.31034015,0.007241959611069559,310.34015,7746,72,0.2132669618687576
63847388,20260207,66.11570247933884,566.0,0.10638380999999891,165.44359522374864,0.2662078650000001,0.08126436781609195,17.600520000000003,5656,72,-0.7076968282265925
63867023,20260207,34.770514603616135,1100.0,0.0538456399999992,218.2925117056864,0.338047916,0.0034827441077441078,11.754100000000001,1655,72,-0.8015522620857397
63867737,20260207,1000.0,86.31,0.056081989999999304,14.151067035959489,0.0007936199999999999,0.10100965759438103,0.7936199999999999,11505,72,-0.8360437141008054
63869005,20260207,1000.0,220.68,0.168519159999998,80.42147848351583,0.01355256,0.020847319639278557,13.55256,33289,72,-0.6355742319942186
63874908,20260207,1000.0,53.49,9.167999999999999e-05,0.0,0.0,0.06255278310940499,0.0,9777,72,-1.0
63875138,20260207,1238.53337,53.47,10.592815259999995,32.13774729797375,0.2748647943171688,0.0013424326794922788,340.42922,19238,72,-0.39895740980037864
63875140,20260207,1133.601050000001,53.47,34.681602780000006,32.250395032060275,0.9866746241986978,0.003742438518797701,1118.49539,79437,72,-0.3968506633241018
63883442,20260207,21.30237,69.3,0.27093459000000014,78.17403455202965,0.9942579159032539,0.058695652173913045,21.180049999999998,17550,72,0.12805244663823456
63883962,20260207,83.33333333333333,54.0,0.2335484499999973,4.35305821982553,0.012199800000000002,0.17760938614118105,1.01665,273998,72,-0.9193878107439717
63910609,20260207,1000.0,70.33,0.0031436599999998998,0.0,0.0,0.0006665377705810797,0.0,41369,72,-1.0
63920896,20260207,1000.0,50.18,0.0971002699999994,7.959607115407658,0.00077288,0.25525,0.77288,1021,72,-0.8413788936746183
63929630,20260207,1000.0,74.77,0.00039294000000000004,40.10790451468417,1.5759999999999998e-05,0.00520898988223586,0.01576,6281,72,-0.4635829274483861
63930210,20260207,1000.0,74.77,0.00016069,0.0,0.0,0.020360183366077277,0.0,3109,72,-1.0
63930260,20260207,1000.0,50.18,0.40955222999999735,13.81657719212037,0.00565861,0.04548474465939571,5.6586099999999995,1565171,72,-0.724659681304895
63934713,20260207,29.41176470588235,60.0,0.37391975999999916,69.66021266166852,0.88560922,0.0013581822823589482,26.04733,1596,72,0.16100354436114206
63945621,20260207,1000.0,58.11,0.2096483799999982,6.230289020120312,0.0013061699999999993,0.03424353349818351,1.3061699999999994,2361143,72,-0.8927845634121441
63956425,20260207,1000.0,50.67,3.5357482699999983,22.787402792111113,0.08057052,0.012660893805698232,80.57052,115361,72,-0.5502782160625397
63956511,20260207,1000.0,62.32,0.0303930099999996,35.69965594062629,0.0010850200000000001,0.024334600760456272,1.08502,2560,72,-0.4271557134045845
63956533,20260207,1000.0,50.98,0.6826960299999986,12.415393714827985,0.00847594,0.015725785779676534,8.47594,257667,72,-0.7564654037891725
63956557,20260207,1000.0,56.65,0.5328230999999984,6.460343029421979,0.0034422199999999997,0.06415466612002255,3.44222,125185,72,-0.8859604054824011
63959420,20260207,1000.0,50.04,6.681808069999999,50.039463345435486,0.33435409,0.02111366245694604,334.35409,7356,72,-1.072451168091783e-05
63984594,20260207,1000.0,86.31,0.0028417199999998003,67.3676505778238,0.00019144,0.03509282488710487,0.19144,6994,72,-0.21946876864993867
63985744,20260207,1000.0,86.31,0.0857126599999991,6.0222142213297944,0.00051618,0.03762875066867675,0.51618,77376,72,-0.9302257650176133
63986072,20260207,1000.0,89.8,0.006625789999999401,17.934465173211155,0.00011882999999999999,0.0010150724626905897,0.11882999999999999,54611,72,-0.8002843521914126
63986203,20260207,1000.0,82.32,0.2016738699999988,18.910630316163527,0.0038137799999999997,0.1538370210695833,3.8137799999999995,3668213,72,-0.7702790292011233
63986210,20260207,1000.0,82.32,0.997752289999999,1.8725790145768566,0.00186837,0.5102076124567474,1.86837,14745,72,-0.9772524415138866
63990159,20260207,1000.0,82.32,1.1119273199999975,5.475798544099099,0.00608869,0.24096718731584896,6.08869,3475783,72,-0.9334815531572025
63993656,20260207,1000.0,69.53,0.0997669799999984,27.10325600714829,0.0027040099999999997,0.013529127775989701,2.70401,8407,72,-0.6101933552833555
63995216,20260207,200.0,188.17,1.0175264299999978,97.2230667266306,0.49463520000000005,0.17165195716395865,98.92704,929667,72,-0.4833232357621799
63996594,20260207,50.0,120.0,0.17424366999999868,63.45699674484636,0.2211396,0.003122556518782934,11.05698,1837,72,-0.471191693792947
64000136,20260207,1000.0,90.69,1.6932441799999993,77.56852883439414,0.13134246000000002,0.002574922817132038,131.34246000000002,15096,72,-0.14468487336647762
64000141,20260207,1000.0,90.69,0.011348739999999899,26.224937746393216,0.0002976199999999999,0.005409641616538168,0.2976199999999999,6385,72,-0.7108287821546675
64001234,20260207,1778.9946199999997,62.32,59.295215089999886,28.365778038701492,0.9454524994572499,0.11300703989272544,1681.9549100000002,2258570,72,-0.5448366810221198
64001556,20260207,1000.0,56.65,2.0478831699999986,18.462752443050753,0.03780956,0.0988592613717382,37.80956,69330,72,-0.6740908659655648
64002001,20260207,1000.0,62.32,0.2421834799999985,25.8219099007085,0.00625364,0.048771071234366505,6.253640000000001,62783,72,-0.5856561312466544
64002534,20260207,1000.0,74.77,0.1737820499999994,23.455126694615547,0.00407608,0.0073459838089223175,4.07608,25589,72,-0.6863029731895741
64007498,20260207,151.5151515151515,52.0,2.582542039999999,20.00568013986716,0.340992366,0.010943751426775535,51.66551,2099736,72,-0.6152753819256316
64010195,20260207,1000.0,74.77,0.8510355300000001,3.2668318795103652,0.00278019,0.4206131718395155,2.78019,55563,72,-0.9563082535841867
64014502,20260207,1000.0,64.61,2.4498727499999977,2.6086742668573324,0.0063909200000000005,0.7364063969896519,6.39092,156560,72,-0.9596242955137388
64014794,20260207,2172.01885,288.0,8.338364969999994,231.43574033315574,0.8884801667352015,0.02794691811773212,1929.7956700000004,92767,72,-0.1964036793987648
64018462,20260207,1000.0,64.61,0.00239328,0.0,0.0,0.716094674556213,0.0,12102,72,-1.0
64019817,20260207,248.75621890547265,600.0,0.0269656999999989,21.850350630616823,0.0023686242,0.0033594259621656884,0.58921,1030,72,-0.9635827489489719
64023756,20260207,1000.0,166.08,2.9452991699999984,11.11577402169302,0.03273928,0.52411543715847,32.73928,153461,72,-0.9330697614300757
64031354,20260207,1000.0,102.01,0.0032945899999997997,87.33104877997489,0.00028772,0.04237341772151899,0.28772,6695,72,-0.1438971789042752
64035082,20260207,1857.1991,86.3,6.387757870000003,63.26328709137495,0.21759140417416742,0.004279404074967663,404.11055999999996,93297,72,-0.26693757715672134
64048356,20260207,1062.3138600000002,50.18,47.016990050000004,22.246369427045014,0.984602921400272,0.009849867483455269,1045.9573299999997,124130,72,-0.5566686044829611
64060132,20260207,1000.0,114.63,0.00028414,0.0,0.0,0.1615909090909091,0.0,3555,72,-1.0
64061252,20260207,1000.0,62.0,0.13465896999999957,37.05568221708524,0.0049898799999999995,0.0049352941176470586,4.989879999999999,1678,72,-0.4023277061760445
64062292,20260207,1321.44021,800.0,2.2271656199999987,543.0586702393514,0.9152753116238228,387.0,1209.4815999999998,38700,72,-0.32117666220081076
64081848,20260207,1000.0,96.08,0.0024119499999999,0.0,0.0,0.03788908765652952,0.0,8472,72,-1.0
64084611,20260207,1000.0,56.65,0.09727164999999979,5.814849444827976,0.00056562,0.7569426751592356,0.56562,11884,72,-0.8973548200383411
64085968,20260207,1000.0,50.24,0.08074559999999971,5.200902587880968,0.00041995,0.8108173076923076,0.41995,16865,72,-0.8964788497635158
64089175,20260207,1000.0,73.7,0.17912126999999922,20.788318439234025,0.00372363,0.00033690086128109083,3.72363,12349,72,-0.7179332640538124
64089368,20260207,1000.0,85.14,0.13389580999999962,22.593761522485345,0.0030252099999999995,0.03248201438848921,3.0252099999999995,1806,72,-0.7346281240018165
64090050,20260207,1000.0,64.77,20.956791710000005,21.97250401550133,0.46047319000000003,0.009745364324889006,460.47319000000005,59704,72,-0.6607610928593279
64100045,20260207,1000.0,78.48,9.415157989999997,14.21527393827621,0.13383905,0.021621926227389378,133.83905,1045565,72,-0.8188675594001502
64101372,20260207,416.6666666666667,160.0,0.7412095499999974,49.9585710950434,0.08887144799999999,0.0036913287555124254,37.02977,120200,72,-0.6877589306559788
64110035,20260207,228.48797,91.53,7.419097219999999,26.11490107956828,0.8479614484736331,0.010469912649627952,193.74899000000002,25890,72,-0.7146847910022038
64111607,20260207,1000.0,182.73,0.1834367599999988,77.35074474712752,0.014188969999999999,0.0034078728515985956,14.18897,3688,72,-0.5766937845612241
64114179,20260207,200.0,270.0,0.0522963199999992,82.62799370969249,0.0216057,0.011239929947460595,4.32114,3209,72,-0.6939703936678057
64118118,20260207,11.77282,260.0,0.09289077999999928,68.46610610870152,0.5402163627745944,0.0006213525575008582,6.35987,1267,72,-0.7366688226588403
64124337,20260207,1000.0,86.31,0.004610299999999901,44.62399410016798,0.00020573,0.8022857142857143,0.20573,8424,72,-0.48298002432895404
64126497,20260207,333.3333333333333,100.0,0.0058877799999997,14.440077584421347,0.00025506,0.005361520696393675,0.08502,3018,72,-0.8555992241557866
64129574,20260207,1000.0,52.0,0.187514989999999,17.762739928151973,0.0033307799999999998,0.0021086988056670374,3.33078,4361,72,-0.658408847535539
64133904,20260207,403.0409099999999,72.0,1.1640107599999991,82.9976004689167,0.23970296216331996,0.14058808963724154,96.61010000000002,113553,30,0.1527444509571764
64141744,20260207,22.66524,52.0,1.8591009699999965,9.803582642420995,0.8041322306756955,0.04758968383503559,18.22585,3393963,72,-0.8114695645688271
64142306,20260207,175.43859649122808,52.0,2.36834849,15.233370491012494,0.20564420099999994,1.5888319088319087,36.077929999999995,111536,72,-0.707050567480529
64154779,20260207,1000.0,57.19,0.1264945299999996,5.794796027938933,0.00073301,0.0199397875146177,0.7330099999999999,80140,72,-0.8986746629141645
64163937,20260207,1042.1109400000005,153.91,3.5673118999999938,46.746834780552895,0.16002186868895155,0.030830886931767637,166.76053999999993,34657,72,-0.6962716212036067
64164134,20260207,1000.0,130.83,3.903415790000001,101.09311721567842,0.39460847000000004,0.3094251336898396,394.60847000000007,23145,72,-0.22729406699015203
64166008,20260207,1000.0,148.94,0.013172819999999698,26.522794663557843,0.00034938000000000005,0.019819639278557115,0.34938,1978,72,-0.8219229578114822
64166181,20260207,35.08771929824562,61.67,0.0473679299999997,13.973589303986978,0.01886414999999999,0.00880181347150259,0.6618999999999997,1359,72,-0.7734135024487275
64166966,20260207,217.3913043478261,310.89,0.9970065499999987,131.17459459017613,0.601596878,0.007783974475370289,130.78193,30008,72,-0.578067501076985
64171280,20260207,1000.0,300.0,0.051407669999999406,148.17574887171676,0.007617369999999999,0.0016820996109802202,7.617369999999999,3070,72,-0.5060808370942774
64176572,20260207,115.27819,57.19,4.017932179999998,19.016809288204573,0.6628161840500794,0.019336417239469654,76.40825000000001,59357,72,-0.6674801663192067
64176703,20260207,26.5748031496063,68.0,0.28773572999999897,45.826634043676286,0.49618279111111113,0.03959524232203089,13.185960000000001,22304,72,-0.32607891112240756
64176991,20260207,7419.014340000004,115.14,69.78420315999998,60.470247117743284,0.5687909224340437,0.039633463579634924,4219.86801,815514,72,-0.4748111245636331
64177756,20260207,2484.690520000001,136.93,37.05894947999999,60.52643859239802,0.9027467251736442,0.042254941277570894,2243.04623,147512,72,-0.5579753261345357
64180551,20260207,1000.0,86.31,0.0109129999999997,40.275817831944664,0.00043953000000000004,0.36924137931034484,0.43953000000000003,5354,72,-0.5333586162444136
64180855,20260207,1000.0,82.32,5.140177499999998,5.405344465244636,0.02778443,0.49385368458526163,27.78443,277447,72,-0.9343374093143265
64192256,20260207,3.605769230769231,102.0,0.0016613199999999,0.0,0.0,0.010175514159577905,0.0,9450,72,-1.0
64192413,20260207,1000.0,58.55,0.032132519999999,23.139174891979312,0.00074352,0.022893030794165315,0.74352,11300,72,-0.6047963297697813
64199262,20260207,461.9958,1900.0,0.0820379699999994,339.63797495233246,0.06031052663249319,0.0009554816132178304,27.86321,3331,72,-0.8212431710777197
64200053,20260207,1000.0,114.63,0.2773137199999996,16.58396129841685,0.00459896,0.1807627118644068,4.59896,4266,72,-0.8553261685560773
64200059,20260207,1000.0,114.63,0.0552799799999998,26.932715966974037,0.00148884,0.35518518518518516,1.48884,2877,72,-0.7650465326094912
64200313,20260207,1000.0,86.47,0.7092845299999994,36.23528910182212,0.025701130000000003,0.01737704918032787,25.701130000000003,3816,72,-0.5809495882754467
64200712,20260207,1000.0,160.82,0.3984430099999988,56.78746880262768,0.022626570000000002,0.027455131155085136,22.62657,41762,72,-0.6468880188867823
64201946,20260207,160.0,75.0,0.4564786899999994,29.87920421871176,0.085245125,0.028538131642737274,13.63922,15305,72,-0.6016106104171765
64202035,20260207,1000.0,100.04,0.0396214399999994,48.46694113086322,0.00192033,0.011039464411557435,1.92033,3133,72,-0.515524378939792
64202122,20260207,5.524861878453039,84.77,0.0140492399999998,32.09212740333331,0.08160747,0.0045307125307125305,0.45087,1844,72,-0.6214211701859937
64211273,20260207,1000.0,56.52,0.04730716999999959,9.283159402686818,0.00043916,0.09615751789976133,0.43916,4029,72,-0.8357544337811957
64212826,20260207,1000.0,79.63,0.0321803499999998,36.03783053944432,0.00115971,0.004777736271946208,1.15971,1279,72,-0.5474340005093015
64218618,20260207,1000.0,72.88,0.2470997599999992,24.602452062276466,0.0060792599999999995,0.001372697213037317,6.07926,1453,72,-0.6624251912420901
64218716,20260207,1000.0,86.0,0.022980879999999898,0.0,0.0,0.031321695760598504,0.0,1256,72,-1.0
64221740,20260207,1000.0,86.31,4.467350830000002,40.48765518601545,0.18087256,0.04235642657226039,180.87256,2108109,72,-0.5309042383731265
64224566,20260207,35.714285714285715,72.0,0.13725182999999908,33.85193479751804,0.13009472,0.018258385277530424,4.64624,24605,72,-0.5298342389233606
64227071,20260207,1000.0,75.77,0.17015411999999952,2.604286043734946,0.00044313,0.6245967741935484,0.44313,7745,72,-0.9656290610566854
64228417,20260207,80.0,141.02,0.8062058399999976,41.363617509890645,0.41684487499999995,0.05674527937492413,33.34759,3599302,72,-0.7066826158708648
64228902,20260207,5.494505494505495,90.0,0.0390298399999999,29.566352308900136,0.21002253999999995,0.011942508710801394,1.15397,2742,72,-0.6714849743455541
64230568,20260207,22.402090000000005,280.0,0.15725149999999888,142.46026270019783,0.9999999999999999,0.006787696210559696,22.40209,4281,72,-0.49121334749929346
64233051,20260207,1000.0,56.0,0.0003873,0.0,0.0,0.06580461587100854,0.0,20814,72,-1.0
64233843,20260207,223.26955,80.0,4.2798114699999985,30.495995189246045,0.5845719221452276,0.47454545454545455,130.51711,4698,72,-0.6188000601344245
64238374,20260207,1000.0,50.18,0.0466440899999994,4.46101531833942,0.0002080799999999999,0.033993786360452014,0.2080799999999999,111605,72,-0.9110997345886923
64238409,20260207,1000.0,50.18,5.557774629999997,17.388929280855,0.09664375000000001,0.022497281185805774,96.64375000000001,111708,72,-0.6534689262484057
64240994,20260207,1000.0,50.18,15.073859659999997,16.101787164973516,0.24271608,0.0081188326057054,242.71608,27151,72,-0.6791194267641787
64241021,20260207,1000.0,64.69,0.10863394999999901,23.93772849095539,0.0026004499999999994,0.0038218298555377206,2.6004499999999995,2381,72,-0.6299624595616726
64245196,20260207,307.34167,250.0,1.720286059999999,178.65730423927297,1.0,0.01194869511991542,307.34167,21473,72,-0.2853707830429081
64246040,20260207,1000.0,51.84,0.8383808299999977,19.414983522464418,0.016277149999999997,0.006571656246168935,16.27715,21442,72,-0.6254825709401154
64253514,20260207,16.666666666666668,58.15,0.2790060999999992,10.790767657051259,0.1806414,0.16221223021582734,3.0106900000000003,9019,72,-0.8144321985029879
64254884,20260207,1000.0,163.18,0.0012347400000000002,96.26318091258076,0.00011886,0.09930357142857144,0.11886,5561,72,-0.41007978359737246
64254890,20260207,1000.0,163.18,0.039122879999999804,46.19803041084933,0.0018073999999999998,0.02192022928110819,1.8074,18356,72,-0.716889138308314
64256969,20260207,1000.0,61.25,0.09872948999999959,10.862711840200983,0.00107247,0.22036157582298974,1.07247,40833,72,-0.8226496026089635
64257309,20260207,1000.0,86.0,0.05459048999999929,16.58493997764101,0.00090538,0.009163414442494565,0.90538,34985,72,-0.8071518607251045
64257560,20260207,1000.0,146.47,0.0033209900000000002,45.25156655093812,0.00015028,0.02130876747141042,0.15028,3354,72,-0.6910523209466913
64259874,20260207,283.0188679245283,56.1,1.1502192899999983,35.86409162030317,0.14575554733333335,0.016921585564833478,41.25157,88153,72,-0.36071137931723407
64260409,20260207,1000.0,96.5,0.1718161399999999,12.445803985585993,0.00213839,0.1501639344262295,2.13839,2748,72,-0.8710279379732021
64260426,20260207,1000.0,131.27,0.010162239999999899,0.0,0.0,0.003095275466959661,0.0,1972,72,-1.0
64260763,20260207,1000.0,176.43,2.947e-05,0.0,0.0,0.25539772727272725,0.0,17980,72,-1.0
64261065,20260207,1000.0,121.55,0.0688723999999997,45.72397651308817,0.0031491199999999996,0.025153446647780926,3.1491199999999995,21310,72,-0.6238257794069257
64261251,20260207,1000.0,79.04,0.30957017999999936,23.35761151154809,0.00723082,0.01323905723905724,7.23082,1966,72,-0.7044836600259605
64268049,20260207,1000.0,91.46,0.0990382899999995,34.011794832079765,0.0033684699999999997,0.031169045005488474,3.36847,11358,72,-0.6281238264587823
64269326,20260207,1000.0,148.86,0.0331592899999998,48.72993360231807,0.0016158499999999998,0.002946601941747573,1.6158499999999998,1214,72,-0.6726458847083295
64270053,20260207,4.464285714285714,66.55,0.0368660799999991,1.7273330931848885,0.01426432,0.9189164086687307,0.06368,29681,72,-0.9740445816200619
64274912,20260207,1000.0,69.46,0.0025896699999999996,0.0,0.0,0.3235,0.0,1941,72,-1.0
64277460,20260207,376.40849,52.58,3.022726399999999,19.713292608950656,0.15830644521328416,0.005504574565416286,59.58789000000001,12033,72,-0.625080018848409
64282585,20260207,1000.0,75.77,0.9813882999999991,13.241506954994279,0.012995060000000001,0.46781165311653117,12.99506,69049,72,-0.8252407687080074
64282700,20260207,1000.0,75.77,1.0443456899999999,41.684396667544064,0.04353292,0.04410687022900763,43.532920000000004,5778,72,-0.44985618757365625
64283544,20260207,43.87046,90.0,0.38279185999999876,111.76436719422439,0.9752003968045923,0.05808040901696491,42.782489999999996,24992,72,0.2418263021580488
64286119,20260207,1000.0,86.31,0.5850025299999988,20.02481937984101,0.011714569999999999,0.03876979176662508,11.714569999999998,161608,72,-0.7679895796565751
64288087,20260207,1712.0154800000005,942.48,2.094577309999999,567.8516874605122,0.6947421176355248,0.08652,1189.40926,118965,72,-0.3974920555762328
64288123,20260207,1000.0,96.08,0.0197546899999999,0.0,0.0,0.13279352226720648,0.0,3280,72,-1.0
64288346,20260207,1000.0,96.08,0.0739912399999992,34.341632874378476,0.0025409800000000004,0.013404592683791296,2.5409800000000002,71858,72,-0.6425725137970599
64288373,20260207,93.75,72.0,0.10889775999999961,35.616159597773304,0.04137087999999999,0.03192897497982244,3.8785199999999995,7912,30,-0.505331116697593
64288538,20260207,1000.0,81.44,0.103964159999999,24.59693802171849,0.0025572,0.15079934606780243,2.5572,1402072,72,-0.6979747295957947
64290009,20260207,1000.0,81.44,0.22693637999999983,73.24299435815453,0.0166215,0.009110929853181076,16.6215,3351,72,-0.10065085513071544
64290705,20260207,1000.0,80.0,0.010007419999999899,60.744927263970744,0.0006079,0.007677714285714286,0.6079,10077,72,-0.2406884092003657
64290708,20260207,1000.0,80.0,0.0028080099999999,21.381690236146643,6.0039999999999994e-05,0.013032795006440107,0.060039999999999996,13154,72,-0.7327288720481671
64296593,20260207,1000.0,150.25,0.0549204399999998,31.35608527535479,0.00172209,0.02329093147312269,1.72209,11352,72,-0.791307252743063
64296663,20260207,1000.0,142.02,0.00066519,37.50808039808175,2.495e-05,0.029883527454242928,0.02495,5388,72,-0.7358957865224494
64298103,20260207,1000.0,142.02,0.0007886299999999,0.0,0.0,0.012696467195385724,0.0,1761,72,-1.0
64300236,20260207,1000.0,69.46,0.0026122100000000002,22.080919987290454,5.7680000000000003e-05,0.01765734265734266,0.05768,8585,72,-0.6821059604478771
64305805,20260207,1000.0,182.33,0.00023547,97.12489913789443,2.2870000000000003e-05,0.0010689572894297303,0.02287,2240,72,-0.46731256985743197
64306710,20260207,1000.0,121.55,0.0146294599999999,29.9888034144803,0.00043872,0.003601211946328091,0.43872,2496,72,-0.7532801035419144
64308626,20260207,1000.0,56.21,0.027933749999999702,4.5801226115362725,0.00012794,0.008352872215709262,0.12794,1425,72,-0.9185176550162556
64310320,20260207,10.869565217391305,50.4,0.07476015999999999,0.8957979758202765,0.00616124,0.041359223300970874,0.06697,2982,72,-0.9822262306384865
64316387,20260207,1000.0,79.04,0.7306345299999994,6.388488099515367,0.00466765,0.022097441685477802,4.66765,11747,72,-0.9191739865952002
64319847,20260207,10000.0,268.0,40.71449001999993,65.25707969557921,0.26569087199999997,0.22335635790057548,2656.9087199999994,2577175,72,-0.7565034339717194
64325724,20260207,1000.0,67.37,0.04887855,38.91686639640497,0.0019022000000000002,0.816046511627907,1.9022000000000001,3509,72,-0.42234130330406755
64325857,20260207,1000.0,58.15,0.4888900399999988,9.944240222198045,0.0048616399999999995,0.03378863826232247,4.8616399999999995,32356,72,-0.8289898500051927
64326658,20260207,1000.0,76.48,0.09384180999999919,2.29631120712614,0.00021549,0.020373333333333334,0.21549000000000001,3056,72,-0.9699750103670746
64327104,20260207,4.464285714285714,66.55,0.39735206999999895,0.05284985680331313,0.004704,0.7534057971014493,0.021,41588,72,-0.9992058624071627
64328400,20260207,1000.0,300.0,1.0646864999999983,289.89371988843715,0.30864593,0.007311880383552739,308.64593,8998,72,-0.033687600371876174
64332826,20260207,1000.0,55.94,0.4100570199999973,10.292446645590967,0.0042204899999999995,0.01457131704973653,4.22049,97061,72,-0.8160091768753849
64337173,20260207,1000.0,50.0,0.0091939599999998,21.06274119095626,0.00019365,0.09911447084233262,0.19365,4589,72,-0.5787451761808748
64337490,20260207,40.0,93.96,0.032838479999999406,12.221333021504261,0.010033249999999999,0.13544316996871741,0.40132999999999996,12989,72,-0.8699304701840755
64354939,20260207,475.21125,850.0,0.9187315999999973,515.0582716432104,0.9957683240874452,0.056588018433179725,473.20030999999994,30699,72,-0.39404909218445827
64355215,20260207,1000.0,75.47,0.0034155599999999,42.1804916324129,0.00014407,0.4702898550724638,0.14407,6490,72,-0.44109591052851593
64355482,20260207,71.01867,52.0,1.769471429999998,25.128085848778046,0.626080860145649,0.031197839261510298,44.46343,5344558,72,-0.5167675798311915
64355932,20260207,1000.0,59.08,0.5550062099999994,5.675954508689197,0.00315019,0.1356061776061776,3.1501900000000003,17561,72,-0.9039276488035004
64359341,20260207,1000.0,65.73,0.0042773199999998,0.0,0.0,0.04992053224912216,0.0,27012,72,-1.0
